work_year,experience_level,employment_type,job_title,salary,employee_residence,remote_ratio,company_location,company_size,salary_range
2023,Senior-level,Full-time,Principal Data Scientist,85847,Spain,Remote,Spain,Large,50K–100K
2023,Mid-level,Contract,ML Engineer,30000,United States,Remote,United States,Small,25K-50K
2023,Mid-level,Contract,ML Engineer,25500,United States,Remote,United States,Small,25K-50K
2023,Senior-level,Full-time,Data Scientist,175000,Canada,Remote,Canada,Medium,150K–200K
2023,Senior-level,Full-time,Data Scientist,120000,Canada,Remote,Canada,Medium,100K–150K
2023,Senior-level,Full-time,Applied Scientist,222200,United States,On-site,United States,Large,200K+
2023,Senior-level,Full-time,Applied Scientist,136000,United States,On-site,United States,Large,100K–150K
2023,Senior-level,Full-time,Data Scientist,219000,Canada,On-site,Canada,Medium,200K+
2023,Senior-level,Full-time,Data Scientist,141000,Canada,On-site,Canada,Medium,100K–150K
2023,Senior-level,Full-time,Data Scientist,147100,United States,On-site,United States,Medium,100K–150K
2023,Senior-level,Full-time,Data Scientist,90700,United States,On-site,United States,Medium,50K–100K
2023,Senior-level,Full-time,Data Analyst,130000,United States,Remote,United States,Medium,100K–150K
2023,Senior-level,Full-time,Data Analyst,100000,United States,Remote,United States,Medium,50K–100K
2023,Entry-level,Full-time,Applied Scientist,213660,United States,On-site,United States,Large,200K+
2023,Entry-level,Full-time,Applied Scientist,130760,United States,On-site,United States,Large,100K–150K
2023,Senior-level,Full-time,Data Modeler,147100,United States,On-site,United States,Medium,100K–150K
2023,Senior-level,Full-time,Data Modeler,90700,United States,On-site,United States,Medium,50K–100K
2023,Senior-level,Full-time,Data Scientist,170000,United States,On-site,United States,Medium,150K–200K
2023,Senior-level,Full-time,Data Scientist,150000,United States,On-site,United States,Medium,100K–150K
2023,Mid-level,Full-time,Data Analyst,150000,United States,Remote,United States,Medium,100K–150K
2023,Mid-level,Full-time,Data Analyst,110000,United States,Remote,United States,Medium,100K–150K
2023,Senior-level,Full-time,Research Engineer,275000,Germany,On-site,Germany,Medium,200K+
2023,Senior-level,Full-time,Research Engineer,174000,Germany,On-site,Germany,Medium,150K–200K
2023,Senior-level,Full-time,Analytics Engineer,230000,United Kingdom,Remote,United Kingdom,Medium,200K+
2023,Senior-level,Full-time,Analytics Engineer,143200,United Kingdom,Remote,United Kingdom,Medium,100K–150K
2023,Senior-level,Full-time,Business Intelligence Engineer,225000,United States,On-site,United States,Medium,200K+
2023,Senior-level,Full-time,Business Intelligence Engineer,156400,United States,On-site,United States,Medium,150K–200K
2023,Senior-level,Full-time,Machine Learning Engineer,200000,United States,On-site,United States,Medium,150K–200K
2023,Senior-level,Full-time,Machine Learning Engineer,130000,United States,On-site,United States,Medium,100K–150K
2023,Senior-level,Full-time,Data Strategist,90000,Canada,On-site,Canada,Medium,50K–100K
2023,Senior-level,Full-time,Data Strategist,72000,Canada,On-site,Canada,Medium,50K–100K
2023,Senior-level,Full-time,Data Engineer,253200,United States,On-site,United States,Medium,200K+
2023,Senior-level,Full-time,Data Engineer,90700,United States,On-site,United States,Medium,50K–100K
2023,Senior-level,Full-time,Computer Vision Engineer,342810,United States,On-site,United States,Medium,200K+
2023,Senior-level,Full-time,Computer Vision Engineer,184590,United States,On-site,United States,Medium,150K–200K
2023,Mid-level,Full-time,Data Engineer,162500,United States,On-site,United States,Medium,150K–200K
2023,Mid-level,Full-time,Data Engineer,130000,United States,On-site,United States,Medium,100K–150K
2023,Mid-level,Full-time,Data Analyst,105380,United States,On-site,United States,Medium,100K–150K
2023,Mid-level,Full-time,Data Analyst,64500,United States,On-site,United States,Medium,50K–100K
2023,Entry-level,Full-time,Data Quality Analyst,100000,Nigeria,Remote,Nigeria,Large,50K–100K
2023,Entry-level,Full-time,Compliance Data Analyst,30000,Nigeria,Remote,Nigeria,Large,25K-50K
2022,Mid-level,Full-time,Machine Learning Engineer,20984,India,Hybrid,India,Large,<25K
2023,Entry-level,Full-time,Applied Scientist,204620,United States,On-site,United States,Large,200K+
2023,Entry-level,Full-time,Applied Scientist,110680,United States,On-site,United States,Large,100K–150K
2023,Senior-level,Full-time,Data Engineer,270703,United States,On-site,United States,Medium,200K+
2023,Senior-level,Full-time,Data Engineer,221484,United States,On-site,United States,Medium,200K+
2023,Senior-level,Full-time,Data Scientist,212750,United States,Remote,United States,Medium,200K+
2023,Senior-level,Full-time,Data Scientist,185000,United States,Remote,United States,Medium,150K–200K
2023,Senior-level,Full-time,Data Scientist,262000,United States,Remote,United States,Medium,200K+
2023,Senior-level,Full-time,Data Scientist,245000,United States,Remote,United States,Medium,200K+
2023,Senior-level,Full-time,Data Scientist,275300,United States,Remote,United States,Medium,200K+
2023,Senior-level,Full-time,Data Scientist,183500,United States,Remote,United States,Medium,150K–200K
2023,Senior-level,Full-time,Data Scientist,218500,United States,Remote,United States,Medium,200K+
2023,Senior-level,Full-time,Data Scientist,199098,United States,Remote,United States,Medium,150K–200K
2023,Senior-level,Full-time,Data Engineer,203300,United States,Remote,United States,Medium,200K+
2023,Senior-level,Full-time,Data Engineer,123600,United States,Remote,United States,Medium,100K–150K
2023,Senior-level,Full-time,Research Engineer,189110,United States,On-site,United States,Medium,150K–200K
2023,Senior-level,Full-time,Research Engineer,139000,United States,On-site,United States,Medium,100K–150K
2023,Executive-level,Full-time,Data Scientist,258750,United States,On-site,United States,Medium,200K+
2023,Executive-level,Full-time,Data Scientist,185000,United States,On-site,United States,Medium,150K–200K
2023,Senior-level,Full-time,Data Engineer,231500,United States,Remote,United States,Medium,200K+
2023,Senior-level,Full-time,Data Engineer,166000,United States,Remote,United States,Medium,150K–200K
2023,Senior-level,Full-time,Data Scientist,172500,United States,Remote,United States,Medium,150K–200K
2023,Senior-level,Full-time,Data Scientist,110500,United States,Remote,United States,Medium,100K–150K
2023,Senior-level,Full-time,Data Engineer,238000,United States,On-site,United States,Medium,200K+
2023,Senior-level,Full-time,Data Engineer,176000,United States,On-site,United States,Medium,150K–200K
2023,Senior-level,Full-time,Data Engineer,237000,United States,Remote,United States,Medium,200K+
2023,Senior-level,Full-time,Data Engineer,201450,United States,Remote,United States,Medium,200K+
2023,Senior-level,Full-time,Applied Scientist,309400,United States,On-site,United States,Large,200K+
2023,Senior-level,Full-time,Applied Scientist,159100,United States,On-site,United States,Large,150K–200K
2023,Senior-level,Full-time,Data Engineer,115000,United States,On-site,United States,Medium,100K–150K
2023,Senior-level,Full-time,Data Engineer,81500,United States,On-site,United States,Medium,50K–100K
2023,Senior-level,Full-time,Data Scientist,237000,United States,Remote,United States,Medium,200K+
2023,Senior-level,Full-time,Data Scientist,201450,United States,Remote,United States,Medium,200K+
2023,Senior-level,Full-time,Computer Vision Engineer,280000,United States,On-site,United States,Medium,200K+
2023,Senior-level,Full-time,Computer Vision Engineer,210000,United States,On-site,United States,Medium,200K+
2023,Senior-level,Full-time,Data Architect,280100,United States,Remote,United States,Medium,200K+
2023,Senior-level,Full-time,Data Architect,168100,United States,Remote,United States,Medium,150K–200K
2023,Senior-level,Full-time,Data Engineer,193500,United States,Remote,United States,Medium,150K–200K
2023,Senior-level,Full-time,Data Engineer,139000,United States,Remote,United States,Medium,100K–150K
2023,Mid-level,Full-time,Data Scientist,65062,Hong Kong,On-site,Hong Kong,Large,50K–100K
2023,Senior-level,Full-time,Machine Learning Engineer,150000,Portugal,Remote,United States,Medium,100K–150K
2023,Mid-level,Full-time,Applied Machine Learning Engineer,69751,India,Remote,Germany,Small,50K–100K
2022,Entry-level,Full-time,AI Developer,300000,India,Hybrid,India,Large,200K+
2023,Mid-level,Full-time,Machine Learning Engineer,96578,Netherlands,Remote,Netherlands,Large,50K–100K
2023,Senior-level,Full-time,Business Intelligence Engineer,185900,United States,On-site,United States,Medium,150K–200K
2023,Senior-level,Full-time,Business Intelligence Engineer,129300,United States,On-site,United States,Medium,100K–150K
2023,Senior-level,Full-time,Data Engineer,225000,United States,Remote,United States,Medium,200K+
2023,Senior-level,Full-time,Data Engineer,175000,United States,Remote,United States,Medium,150K–200K
2023,Senior-level,Full-time,Data Engineer,185000,United States,On-site,United States,Medium,150K–200K
2023,Senior-level,Full-time,Data Engineer,140000,United States,On-site,United States,Medium,100K–150K
2023,Senior-level,Full-time,Data Scientist,48289,Spain,On-site,Spain,Medium,25K-50K
2023,Senior-level,Full-time,Data Scientist,38631,Spain,On-site,Spain,Medium,25K-50K
2023,Senior-level,Full-time,Data Scientist,105000,United States,On-site,United States,Medium,100K–150K
2023,Senior-level,Full-time,Data Scientist,70000,United States,On-site,United States,Medium,50K–100K
2023,Entry-level,Full-time,Machine Learning Engineer,163196,United States,On-site,United States,Medium,150K–200K
2023,Entry-level,Full-time,Machine Learning Engineer,145885,United States,On-site,United States,Medium,100K–150K
2023,Senior-level,Full-time,Data Engineer,217000,United States,Remote,United States,Medium,200K+
2023,Senior-level,Full-time,Data Engineer,185000,United States,Remote,United States,Medium,150K–200K
2023,Senior-level,Full-time,Data Analyst,202800,United States,On-site,United States,Large,200K+
2023,Senior-level,Full-time,Data Analyst,104300,United States,On-site,United States,Large,100K–150K
2023,Senior-level,Full-time,Data Analyst,145000,United States,On-site,United States,Medium,100K–150K
2023,Senior-level,Full-time,Data Analyst,65000,United States,On-site,United States,Medium,50K–100K
2023,Senior-level,Full-time,Data Engineer,165000,United States,On-site,United States,Medium,150K–200K
2023,Senior-level,Full-time,Data Engineer,132300,United States,On-site,United States,Medium,100K–150K
2023,Senior-level,Full-time,Data Engineer,179170,United States,On-site,United States,Medium,150K–200K
2023,Senior-level,Full-time,Data Engineer,94300,United States,On-site,United States,Medium,50K–100K
2023,Senior-level,Full-time,Analytics Engineer,152500,United States,On-site,United States,Medium,150K–200K
2023,Senior-level,Full-time,Analytics Engineer,116450,United States,On-site,United States,Medium,100K–150K
2023,Senior-level,Full-time,Data Engineer,247300,United States,On-site,United States,Medium,200K+
2023,Senior-level,Full-time,Data Engineer,133800,United States,On-site,United States,Medium,100K–150K
2023,Senior-level,Full-time,Research Engineer,203000,United States,On-site,United States,Medium,200K+
2023,Senior-level,Full-time,Research Engineer,133000,United States,On-site,United States,Medium,100K–150K
2023,Entry-level,Full-time,Research Scientist,220000,United States,Hybrid,United States,Large,200K+
2022,Entry-level,Full-time,Machine Learning Engineer,56536,Switzerland,Remote,Switzerland,Small,50K–100K
2023,Senior-level,Full-time,Data Scientist,120000,United States,On-site,United States,Medium,100K–150K
2023,Senior-level,Full-time,Analytics Engineer,289800,United States,On-site,United States,Medium,200K+
2023,Senior-level,Full-time,Analytics Engineer,214000,United States,On-site,United States,Medium,200K+
2023,Senior-level,Full-time,Analytics Engineer,179820,United States,On-site,United States,Medium,150K–200K
2023,Senior-level,Full-time,Analytics Engineer,143860,United States,On-site,United States,Medium,100K–150K
2023,Senior-level,Full-time,Machine Learning Engineer,283200,United States,Remote,United States,Medium,200K+
2023,Senior-level,Full-time,Machine Learning Engineer,188800,United States,Remote,United States,Medium,150K–200K
2023,Senior-level,Full-time,Analytics Engineer,214200,United States,On-site,United States,Medium,200K+
2023,Senior-level,Full-time,Data Engineer,185900,United States,On-site,United States,Medium,150K–200K
2023,Senior-level,Full-time,Data Engineer,129300,United States,On-site,United States,Medium,100K–150K
2023,Senior-level,Full-time,Data Engineer,252000,United States,On-site,United States,Medium,200K+
2023,Senior-level,Full-time,Data Engineer,129000,United States,On-site,United States,Medium,100K–150K
2023,Mid-level,Full-time,Data Analytics Manager,155000,United States,On-site,United States,Medium,150K–200K
2023,Mid-level,Full-time,Data Analytics Manager,140000,United States,On-site,United States,Medium,100K–150K
2023,Senior-level,Full-time,Data Engineer,161800,United States,Remote,United States,Medium,150K–200K
2023,Senior-level,Full-time,Data Engineer,141600,United States,Remote,United States,Medium,100K–150K
2023,Senior-level,Full-time,Machine Learning Engineer,342300,United States,On-site,United States,Large,200K+
2023,Senior-level,Full-time,Machine Learning Engineer,176100,United States,On-site,United States,Large,150K–200K
2023,Mid-level,Full-time,Data Engineer,100000,United States,Remote,United States,Medium,50K–100K
2023,Mid-level,Full-time,Data Engineer,70000,United States,Remote,United States,Medium,50K–100K
2023,Entry-level,Full-time,Data Engineer,85000,United States,On-site,United States,Medium,50K–100K
2023,Entry-level,Full-time,Data Engineer,65000,United States,On-site,United States,Medium,50K–100K
2023,Senior-level,Full-time,Data Scientist,138784,United States,Remote,United States,Medium,100K–150K
2023,Senior-level,Full-time,Data Scientist,83270,United States,Remote,United States,Medium,50K–100K
2023,Entry-level,Full-time,Data Analyst,75000,United States,On-site,United States,Medium,50K–100K
2023,Entry-level,Full-time,Data Analyst,70000,United States,On-site,United States,Medium,50K–100K
2023,Senior-level,Full-time,Data Analyst,204500,United States,On-site,United States,Medium,200K+
2023,Senior-level,Full-time,Data Analyst,138900,United States,On-site,United States,Medium,100K–150K
2023,Senior-level,Full-time,Machine Learning Engineer,318300,United States,Remote,United States,Medium,200K+
2023,Senior-level,Full-time,Machine Learning Engineer,212200,United States,Remote,United States,Medium,200K+
2023,Senior-level,Full-time,Data Engineer,95000,United States,Remote,United States,Medium,50K–100K
2023,Senior-level,Full-time,Data Engineer,75000,United States,Remote,United States,Medium,50K–100K
2023,Senior-level,Full-time,Data Scientist,195000,United States,On-site,United States,Medium,150K–200K
2023,Senior-level,Full-time,Data Scientist,160000,United States,On-site,United States,Medium,150K–200K
2023,Senior-level,Full-time,Analytics Engineer,230000,United States,On-site,United States,Medium,200K+
2023,Senior-level,Full-time,Analytics Engineer,143200,United States,On-site,United States,Medium,100K–150K
2023,Mid-level,Full-time,Business Data Analyst,105000,United States,Hybrid,United States,Large,100K–150K
2023,Mid-level,Full-time,Applied Data Scientist,20670,India,Remote,India,Large,<25K
2023,Mid-level,Full-time,Data Analyst,46178,United Kingdom,On-site,United Kingdom,Medium,25K-50K
2023,Mid-level,Full-time,Data Analyst,42533,United Kingdom,On-site,United Kingdom,Medium,25K-50K
2023,Senior-level,Full-time,Data Engineer,145000,United States,On-site,United States,Medium,100K–150K
2023,Senior-level,Full-time,Data Analyst,168400,United States,On-site,United States,Medium,150K–200K
2023,Senior-level,Full-time,Data Analyst,105200,United States,On-site,United States,Medium,100K–150K
2023,Senior-level,Full-time,Machine Learning Engineer,190000,United States,On-site,United States,Medium,150K–200K
2023,Senior-level,Full-time,Machine Learning Engineer,150000,United States,On-site,United States,Medium,100K–150K
2023,Senior-level,Full-time,Analytics Engineer,150000,United States,Remote,United States,Medium,100K–150K
2023,Senior-level,Full-time,Analytics Engineer,120000,United States,Remote,United States,Medium,100K–150K
2023,Senior-level,Full-time,Data Engineer,120000,United States,On-site,United States,Medium,100K–150K
2023,Senior-level,Full-time,Data Analyst,54685,Central African Republic,Remote,Central African Republic,Medium,50K–100K
2023,Senior-level,Full-time,Data Analyst,42533,Central African Republic,Remote,Central African Republic,Medium,25K-50K
2023,Senior-level,Full-time,Data Engineer,241000,United States,On-site,United States,Medium,200K+
2023,Senior-level,Full-time,Data Engineer,155000,United States,On-site,United States,Medium,150K–200K
2023,Senior-level,Full-time,Data Engineer,220000,United States,Remote,United States,Medium,200K+
2023,Senior-level,Full-time,Data Engineer,190000,United States,Remote,United States,Medium,150K–200K
2023,Mid-level,Full-time,Data Scientist,66837,United Kingdom,On-site,United Kingdom,Medium,50K–100K
2023,Mid-level,Full-time,Data Scientist,54685,United Kingdom,On-site,United Kingdom,Medium,50K–100K
2020,Executive-level,Full-time,Staff Data Analyst,15000,Nigeria,On-site,Canada,Medium,<25K
2023,Mid-level,Full-time,ETL Engineer,85066,United Kingdom,Remote,United Kingdom,Medium,50K–100K
2023,Mid-level,Full-time,ETL Engineer,57723,United Kingdom,Remote,United Kingdom,Medium,50K–100K
2023,Entry-level,Full-time,Data Analyst,85000,United States,Remote,United States,Medium,50K–100K
2023,Entry-level,Full-time,Data Analyst,75000,United States,Remote,United States,Medium,50K–100K
2023,Senior-level,Full-time,Data Engineer,160000,United States,On-site,United States,Medium,150K–200K
2023,Mid-level,Full-time,Machine Learning Engineer,300000,United States,On-site,United States,Medium,200K+
2023,Mid-level,Full-time,Machine Learning Engineer,250000,United States,On-site,United States,Medium,200K+
2023,Senior-level,Full-time,Data Scientist,228000,United States,On-site,United States,Medium,200K+
2023,Senior-level,Full-time,Data Scientist,186000,United States,On-site,United States,Medium,150K–200K
2023,Senior-level,Full-time,Data Scientist,190000,United States,On-site,United States,Medium,150K–200K
2023,Mid-level,Full-time,Research Engineer,230000,United States,On-site,United States,Medium,200K+
2023,Mid-level,Full-time,Research Engineer,200000,United States,On-site,United States,Medium,150K–200K
2023,Senior-level,Full-time,Data Architect,180000,United States,Remote,United States,Medium,150K–200K
2023,Senior-level,Full-time,Data Architect,115000,United States,Remote,United States,Medium,100K–150K
2023,Senior-level,Full-time,Data Architect,200000,United States,Remote,United States,Medium,150K–200K
2023,Senior-level,Full-time,Data DevOps Engineer,53654,France,Hybrid,France,Small,50K–100K
2023,Executive-level,Full-time,Data Engineer,220000,United States,On-site,United States,Medium,200K+
2023,Executive-level,Full-time,Data Engineer,205000,United States,On-site,United States,Medium,200K+
2023,Mid-level,Full-time,Data Engineer,180000,United States,On-site,United States,Medium,150K–200K
2023,Senior-level,Full-time,Data Engineer,200000,United States,Remote,United States,Medium,150K–200K
2023,Senior-level,Full-time,Data Engineer,150000,United States,Remote,United States,Medium,100K–150K
2023,Senior-level,Full-time,Computer Vision Engineer,215000,United States,On-site,United States,Medium,200K+
2023,Senior-level,Full-time,Computer Vision Engineer,170000,United States,On-site,United States,Medium,150K–200K
2023,Senior-level,Full-time,Machine Learning Engineer,247500,United States,On-site,United States,Medium,200K+
2023,Senior-level,Full-time,Machine Learning Engineer,172200,United States,On-site,United States,Medium,150K–200K
2023,Senior-level,Full-time,Data Scientist,224000,Canada,On-site,Canada,Medium,200K+
2023,Senior-level,Full-time,Data Scientist,176000,Canada,On-site,Canada,Medium,150K–200K
2023,Senior-level,Full-time,Data Analyst,120000,United States,Remote,United States,Medium,100K–150K
2023,Senior-level,Full-time,Data Analyst,75000,United States,Remote,United States,Medium,50K–100K
2023,Entry-level,Full-time,Data Engineer,17022,India,Remote,India,Large,<25K
2023,Senior-level,Full-time,Applied Data Scientist,68318,Australia,Remote,Finland,Medium,50K–100K
2023,Mid-level,Full-time,AI Developer,75020,Finland,On-site,Finland,Medium,50K–100K
2023,Senior-level,Full-time,Data Analyst,140000,United States,On-site,United States,Medium,100K–150K
2023,Senior-level,Full-time,Data Analyst,120000,United States,On-site,United States,Medium,100K–150K
2023,Senior-level,Full-time,Data Engineer,128000,United States,On-site,United States,Medium,100K–150K
2023,Executive-level,Full-time,Head of Data,329500,United States,On-site,United States,Medium,200K+
2023,Executive-level,Full-time,Head of Data,269600,United States,On-site,United States,Medium,200K+
2023,Senior-level,Full-time,Data Quality Analyst,100000,United States,On-site,United States,Medium,50K–100K
2023,Senior-level,Full-time,Data Quality Analyst,80000,United States,On-site,United States,Medium,50K–100K
2023,Senior-level,Full-time,Data Scientist,250000,United States,On-site,United States,Medium,200K+
2023,Senior-level,Full-time,Data Scientist,162500,United States,On-site,United States,Medium,150K–200K
2023,Mid-level,Full-time,AI Developer,200000,United States,Remote,United States,Medium,150K–200K
2023,Senior-level,Full-time,Data Engineer,100000,United States,On-site,United States,Medium,50K–100K
2023,Executive-level,Full-time,Data Engineer,145000,United States,On-site,United States,Medium,100K–150K
2023,Executive-level,Full-time,Data Engineer,115000,United States,On-site,United States,Medium,100K–150K
2023,Senior-level,Full-time,Data Scientist,203500,United States,On-site,United States,Medium,200K+
2023,Senior-level,Full-time,Data Scientist,152000,United States,On-site,United States,Medium,150K–200K
2023,Senior-level,Full-time,Data Scientist,239000,United States,On-site,United States,Large,200K+
2023,Senior-level,Full-time,Data Scientist,122900,United States,On-site,United States,Large,100K–150K
2023,Senior-level,Full-time,Data Scientist,237000,United States,On-site,United States,Medium,200K+
2023,Senior-level,Full-time,Data Scientist,145000,United States,On-site,United States,Medium,100K–150K
2023,Senior-level,Full-time,Data Science Manager,191765,United States,On-site,United States,Medium,150K–200K
2023,Senior-level,Full-time,Data Science Manager,134236,United States,On-site,United States,Medium,100K–150K
2023,Senior-level,Full-time,Analytics Engineer,190000,United States,Remote,United States,Medium,150K–200K
2023,Senior-level,Full-time,Analytics Engineer,112000,United States,Remote,United States,Medium,100K–150K
2022,Senior-level,Full-time,Data Scientist,88256,Spain,Remote,United Kingdom,Large,50K–100K
2023,Senior-level,Full-time,Data Analyst,135000,United States,On-site,United States,Medium,100K–150K
2023,Senior-level,Full-time,Data Analyst,105500,United States,On-site,United States,Medium,100K–150K
2023,Senior-level,Full-time,Research Engineer,293000,United States,On-site,United States,Medium,200K+
2023,Senior-level,Full-time,Research Engineer,185000,United States,On-site,United States,Medium,150K–200K
2023,Senior-level,Full-time,Data Analyst,80000,United States,On-site,United States,Medium,50K–100K
2023,Senior-level,Full-time,Data Analyst,70000,United States,On-site,United States,Medium,50K–100K
2023,Senior-level,Full-time,Data Engineer,160000,United States,Remote,United States,Medium,150K–200K
2023,Senior-level,Full-time,Data Scientist,175000,United States,Remote,United States,Medium,150K–200K
2023,Senior-level,Full-time,Data Scientist,145000,United States,Remote,United States,Medium,100K–150K
2023,Senior-level,Full-time,Data Analyst,200000,United States,On-site,United States,Medium,150K–200K
2023,Senior-level,Full-time,Data Analyst,148500,United States,On-site,United States,Medium,100K–150K
2023,Senior-level,Full-time,Data Engineer,240500,United States,On-site,United States,Large,200K+
2023,Senior-level,Full-time,Data Engineer,123700,United States,On-site,United States,Large,100K–150K
2023,Senior-level,Full-time,Analytics Engineer,152900,United States,Remote,United States,Medium,150K–200K
2023,Senior-level,Full-time,Analytics Engineer,117100,United States,Remote,United States,Medium,100K–150K
2023,Senior-level,Full-time,Analytics Engineer,173000,United States,Remote,United States,Medium,150K–200K
2023,Senior-level,Full-time,Analytics Engineer,113000,United States,Remote,United States,Medium,100K–150K
2023,Senior-level,Full-time,Applied Scientist,260000,United States,On-site,United States,Large,200K+
2023,Executive-level,Full-time,Data Engineer,175000,United States,On-site,United States,Medium,150K–200K
2023,Executive-level,Full-time,Data Engineer,110000,United States,On-site,United States,Medium,100K–150K
2023,Senior-level,Full-time,Research Scientist,130000,United States,Remote,United States,Medium,100K–150K
2023,Senior-level,Full-time,Research Scientist,110000,United States,Remote,United States,Medium,100K–150K
2023,Senior-level,Full-time,Applied Scientist,205000,United States,Remote,United States,Medium,200K+
2023,Senior-level,Full-time,Applied Scientist,184000,United States,Remote,United States,Medium,150K–200K
2023,Senior-level,Full-time,Data Analyst,149500,United States,Remote,United States,Medium,100K–150K
2023,Senior-level,Full-time,Data Analyst,127075,United States,Remote,United States,Medium,100K–150K
2023,Senior-level,Full-time,Data Engineer,219535,United States,Remote,United States,Medium,200K+
2023,Senior-level,Full-time,Data Engineer,146115,United States,Remote,United States,Medium,100K–150K
2023,Senior-level,Full-time,Data Scientist,135000,United States,On-site,United States,Medium,100K–150K
2023,Senior-level,Full-time,Data Scientist,199000,United States,On-site,United States,Medium,150K–200K
2023,Senior-level,Full-time,Data Scientist,162000,United States,On-site,United States,Medium,150K–200K
2023,Executive-level,Full-time,Analytics Engineer,221000,United States,Remote,United States,Medium,200K+
2023,Executive-level,Full-time,Analytics Engineer,153000,United States,Remote,United States,Medium,150K–200K
2023,Senior-level,Full-time,Data Analyst,187000,United States,On-site,United States,Medium,150K–200K
2023,Senior-level,Full-time,Data Analyst,128000,United States,On-site,United States,Medium,100K–150K
2023,Senior-level,Full-time,Research Scientist,210000,United States,On-site,United States,Medium,200K+
2023,Senior-level,Full-time,Research Scientist,136000,United States,On-site,United States,Medium,100K–150K
2023,Senior-level,Full-time,Data Scientist,100000,United States,Remote,United States,Medium,50K–100K
2023,Senior-level,Full-time,Data Engineer,179000,United States,On-site,United States,Medium,150K–200K
2023,Senior-level,Full-time,Data Engineer,109000,United States,On-site,United States,Medium,100K–150K
2023,Senior-level,Full-time,Data Scientist,245000,United States,On-site,United States,Medium,200K+
2023,Senior-level,Full-time,Data Scientist,180000,United States,On-site,United States,Medium,150K–200K
2023,Senior-level,Full-time,Data Analyst,142000,United States,Remote,United States,Medium,100K–150K
2023,Senior-level,Full-time,Data Manager,198800,United States,On-site,United States,Medium,150K–200K
2023,Senior-level,Full-time,Data Manager,105200,United States,On-site,United States,Medium,100K–150K
2023,Senior-level,Full-time,Data Analyst,125000,United States,Remote,United States,Medium,100K–150K
2023,Senior-level,Full-time,Data Analyst,112000,United States,Remote,United States,Medium,100K–150K
2023,Senior-level,Full-time,Data Scientist,210000,United States,On-site,United States,Medium,200K+
2023,Senior-level,Full-time,Data Scientist,155000,United States,On-site,United States,Medium,150K–200K
2023,Senior-level,Full-time,Data Manager,115000,United States,Remote,United States,Medium,100K–150K
2023,Senior-level,Full-time,Data Manager,86000,United States,Remote,United States,Medium,50K–100K
2023,Senior-level,Full-time,Data Scientist,165000,United States,On-site,United States,Medium,150K–200K
2023,Senior-level,Full-time,Data Scientist,140000,United States,On-site,United States,Medium,100K–150K
2023,Senior-level,Full-time,Data Analyst,139000,United States,On-site,United States,Medium,100K–150K
2023,Senior-level,Full-time,Data Analyst,106000,United States,On-site,United States,Medium,100K–150K
2023,Entry-level,Full-time,Data Analyst,40663,Canada,On-site,Canada,Large,25K-50K
2022,Senior-level,Full-time,AI Developer,275000,Canada,On-site,Canada,Small,200K+
2023,Senior-level,Freelance,Machine Learning Researcher,50000,Ukraine,Hybrid,Ukraine,Small,25K-50K
2023,Mid-level,Full-time,Machine Learning Engineer,280700,United States,Remote,United States,Medium,200K+
2023,Mid-level,Full-time,Machine Learning Engineer,150450,United States,Remote,United States,Medium,150K–200K
2023,Entry-level,Full-time,Data Scientist,51753,Canada,Remote,Canada,Large,50K–100K
2023,Senior-level,Full-time,Data Architect,250500,United States,On-site,United States,Medium,200K+
2023,Senior-level,Full-time,Data Architect,159500,United States,On-site,United States,Medium,150K–200K
2023,Entry-level,Full-time,Data Scientist,130001,United States,Remote,United States,Medium,100K–150K
2023,Entry-level,Full-time,Data Scientist,71907,United States,Remote,United States,Medium,50K–100K
2023,Mid-level,Full-time,Data Scientist,93918,United States,Remote,United States,Medium,50K–100K
2023,Mid-level,Full-time,Data Scientist,51962,United States,Remote,United States,Medium,50K–100K
2023,Senior-level,Full-time,Data Analyst,175000,Canada,Remote,Canada,Medium,150K–200K
2023,Senior-level,Full-time,Data Analyst,135000,Canada,Remote,Canada,Medium,100K–150K
2023,Senior-level,Full-time,Machine Learning Engineer,257000,United States,On-site,United States,Medium,200K+
2023,Senior-level,Full-time,Machine Learning Engineer,147000,United States,On-site,United States,Medium,100K–150K
2023,Senior-level,Full-time,Data Engineer,222000,United States,Remote,United States,Medium,200K+
2023,Senior-level,Full-time,Data Scientist,203000,United States,Remote,United States,Medium,200K+
2023,Senior-level,Full-time,Data Scientist,133200,United States,Remote,United States,Medium,100K–150K
2023,Senior-level,Full-time,Data Engineer,221000,United States,On-site,United States,Medium,200K+
2023,Senior-level,Full-time,Data Engineer,147000,United States,On-site,United States,Medium,100K–150K
2023,Senior-level,Full-time,Data Scientist,185900,United States,On-site,United States,Medium,150K–200K
2023,Senior-level,Full-time,Data Scientist,129300,United States,On-site,United States,Medium,100K–150K
2023,Senior-level,Full-time,Data Scientist,238000,United States,Remote,United States,Medium,200K+
2023,Senior-level,Full-time,Data Scientist,156000,United States,Remote,United States,Medium,150K–200K
2023,Senior-level,Full-time,Machine Learning Engineer,304000,United States,Remote,United States,Medium,200K+
2023,Senior-level,Full-time,Machine Learning Engineer,199000,United States,Remote,United States,Medium,150K–200K
2023,Mid-level,Full-time,Big Data Engineer,48289,Spain,Remote,Spain,Medium,25K-50K
2023,Senior-level,Full-time,Data Engineer,150000,United States,On-site,United States,Medium,100K–150K
2023,Senior-level,Full-time,Data Engineer,130000,United States,On-site,United States,Medium,100K–150K
2023,Senior-level,Full-time,Data Scientist,140000,United States,Remote,United States,Medium,100K–150K
2023,Senior-level,Full-time,Data Scientist,110000,United States,Remote,United States,Medium,100K–150K
2023,Mid-level,Full-time,Data Analyst,90000,United States,On-site,United States,Medium,50K–100K
2023,Mid-level,Full-time,Data Analyst,75000,United States,On-site,United States,Medium,50K–100K
2023,Mid-level,Full-time,Research Scientist,195895,United Kingdom,On-site,United Kingdom,Medium,150K–200K
2023,Mid-level,Full-time,Research Scientist,102772,United Kingdom,On-site,United Kingdom,Medium,100K–150K
2023,Senior-level,Full-time,Data Engineer,240000,United States,On-site,United States,Medium,200K+
2023,Senior-level,Full-time,Data Engineer,183600,United States,On-site,United States,Medium,150K–200K
2023,Mid-level,Full-time,Data Specialist,130000,United States,On-site,United States,Medium,100K–150K
2023,Mid-level,Full-time,Data Specialist,80000,United States,On-site,United States,Medium,50K–100K
2023,Senior-level,Full-time,Data Engineer,250000,United States,On-site,United States,Medium,200K+
2023,Senior-level,Full-time,Data Analytics Manager,160000,United States,Remote,United States,Medium,150K–200K
2023,Senior-level,Full-time,Data Analytics Manager,120000,United States,Remote,United States,Medium,100K–150K
2023,Senior-level,Full-time,Machine Learning Engineer,289076,United States,On-site,United States,Medium,200K+
2023,Senior-level,Full-time,Machine Learning Engineer,202353,United States,On-site,United States,Medium,200K+
2023,Senior-level,Full-time,Data Analyst,155000,United States,On-site,United States,Medium,150K–200K
2023,Senior-level,Full-time,Data Engineer,200000,United States,On-site,United States,Medium,150K–200K
2023,Senior-level,Full-time,Data Scientist,157750,United States,Remote,United States,Medium,150K–200K
2023,Senior-level,Full-time,Data Scientist,104650,United States,Remote,United States,Medium,100K–150K
2023,Mid-level,Full-time,Data Scientist,180000,United States,Remote,United States,Medium,150K–200K
2023,Mid-level,Full-time,Data Scientist,140000,United States,Remote,United States,Medium,100K–150K
2023,Executive-level,Full-time,Data Scientist,200000,United States,On-site,United States,Medium,150K–200K
2023,Executive-level,Full-time,Data Scientist,145000,United States,On-site,United States,Medium,100K–150K
2023,Mid-level,Full-time,Lead Data Analyst,68000,United States,On-site,United States,Large,50K–100K
2023,Entry-level,Full-time,BI Data Engineer,60000,United States,Remote,United States,Medium,50K–100K
2023,Mid-level,Full-time,Data Engineer,125000,United States,On-site,United States,Medium,100K–150K
2023,Mid-level,Full-time,Data Engineer,90000,United States,On-site,United States,Medium,50K–100K
2023,Senior-level,Full-time,Data Analyst,105000,United States,Remote,United States,Medium,100K–150K
2023,Senior-level,Full-time,Data Analyst,90000,United States,Remote,United States,Medium,50K–100K
2023,Entry-level,Full-time,Research Engineer,155000,United States,On-site,United States,Medium,150K–200K
2023,Entry-level,Full-time,Research Engineer,125000,United States,On-site,United States,Medium,100K–150K
2023,Senior-level,Full-time,Machine Learning Engineer,241000,United States,On-site,United States,Medium,200K+
2023,Senior-level,Full-time,Machine Learning Engineer,181000,United States,On-site,United States,Medium,150K–200K
2023,Senior-level,Full-time,Data Scientist,252000,United States,On-site,United States,Medium,200K+
2023,Senior-level,Full-time,Data Scientist,154000,United States,On-site,United States,Medium,150K–200K
2023,Executive-level,Full-time,Data Architect,180000,United States,On-site,United States,Medium,150K–200K
2023,Executive-level,Full-time,Data Architect,155000,United States,On-site,United States,Medium,150K–200K
2023,Senior-level,Full-time,Data Scientist,191765,United States,On-site,United States,Medium,150K–200K
2023,Senior-level,Full-time,Data Scientist,134236,United States,On-site,United States,Medium,100K–150K
2023,Senior-level,Full-time,Data Engineer,146000,United States,On-site,United States,Medium,100K–150K
2023,Senior-level,Full-time,Data Engineer,75000,United States,On-site,United States,Medium,50K–100K
2023,Entry-level,Full-time,Data Analyst,64200,United States,Remote,United States,Medium,50K–100K
2023,Entry-level,Full-time,Data Analyst,56100,United States,Remote,United States,Medium,50K–100K
2023,Senior-level,Full-time,Machine Learning Engineer,170000,United States,On-site,United States,Medium,150K–200K
2023,Senior-level,Full-time,Data Analyst,208450,United States,Remote,United States,Medium,200K+
2023,Senior-level,Full-time,Data Analyst,170550,United States,Remote,United States,Medium,150K–200K
2023,Senior-level,Full-time,Machine Learning Engineer,125000,United States,On-site,United States,Medium,100K–150K
2023,Senior-level,Full-time,Machine Learning Engineer,100000,United States,On-site,United States,Medium,50K–100K
2023,Mid-level,Full-time,Data Manager,135000,United States,On-site,United States,Medium,100K–150K
2023,Mid-level,Full-time,Data Manager,120000,United States,On-site,United States,Medium,100K–150K
2023,Senior-level,Full-time,Data Scientist,200000,United States,Remote,United States,Medium,150K–200K
2023,Senior-level,Full-time,Data Scientist,170000,United States,Remote,United States,Medium,150K–200K
2023,Senior-level,Full-time,Data Scientist,171250,Ireland,On-site,Ireland,Medium,150K–200K
2023,Senior-level,Full-time,Data Scientist,113750,Ireland,On-site,Ireland,Medium,100K–150K
2023,Senior-level,Full-time,Data Analyst,153600,United States,On-site,United States,Medium,150K–200K
2023,Senior-level,Full-time,Data Analyst,100500,United States,On-site,United States,Medium,100K–150K
2023,Senior-level,Full-time,Machine Learning Engineer,115000,Canada,Remote,Canada,Medium,100K–150K
2023,Senior-level,Full-time,Machine Learning Engineer,95000,Canada,Remote,Canada,Medium,50K–100K
2023,Mid-level,Full-time,Data Analyst,182500,United States,On-site,United States,Medium,150K–200K
2023,Mid-level,Full-time,Data Analyst,121500,United States,On-site,United States,Medium,100K–150K
2023,Senior-level,Full-time,Data Engineer,203100,United States,On-site,United States,Medium,200K+
2023,Senior-level,Full-time,Data Engineer,114500,United States,On-site,United States,Medium,100K–150K
2023,Mid-level,Full-time,Data Analyst,72914,United Kingdom,On-site,United Kingdom,Medium,50K–100K
2023,Mid-level,Full-time,Data Analyst,54685,United Kingdom,On-site,United Kingdom,Medium,50K–100K
2023,Entry-level,Full-time,Data Engineer,92700,United States,Remote,United States,Medium,50K–100K
2023,Entry-level,Full-time,Data Engineer,61800,United States,Remote,United States,Medium,50K–100K
2023,Senior-level,Full-time,Data Engineer,130000,United States,Remote,United States,Medium,100K–150K
2023,Senior-level,Full-time,Data Scientist,258000,Canada,On-site,Canada,Medium,200K+
2023,Senior-level,Full-time,Data Scientist,190000,Canada,On-site,Canada,Medium,150K–200K
2023,Mid-level,Full-time,Data Architect,167500,United States,On-site,United States,Medium,150K–200K
2023,Mid-level,Full-time,Data Architect,106500,United States,On-site,United States,Medium,100K–150K
2023,Mid-level,Full-time,Data Engineer,146000,United States,On-site,United States,Medium,100K–150K
2023,Mid-level,Full-time,Data Engineer,75000,United States,On-site,United States,Medium,50K–100K
2022,Entry-level,Full-time,Data Engineer,59888,Netherlands,Remote,Netherlands,Large,50K–100K
2023,Executive-level,Full-time,Data Engineer,286000,United States,Remote,United States,Medium,200K+
2023,Executive-level,Full-time,Data Engineer,207000,United States,Remote,United States,Medium,200K+
2023,Senior-level,Full-time,Data Analyst,80000,United States,Remote,United States,Medium,50K–100K
2023,Senior-level,Full-time,Data Engineer,223250,United States,On-site,United States,Medium,200K+
2023,Senior-level,Full-time,Data Engineer,178600,United States,On-site,United States,Medium,150K–200K
2023,Executive-level,Full-time,Director of Data Science,353200,United States,On-site,United States,Medium,200K+
2023,Executive-level,Full-time,Director of Data Science,249300,United States,On-site,United States,Medium,200K+
2023,Mid-level,Full-time,Machine Learning Scientist,230000,United States,On-site,United States,Medium,200K+
2023,Mid-level,Full-time,Machine Learning Scientist,220000,United States,On-site,United States,Medium,200K+
2023,Senior-level,Full-time,Data Scientist,297300,United States,Remote,United States,Medium,200K+
2023,Senior-level,Full-time,Data Scientist,198200,United States,Remote,United States,Medium,150K–200K
2023,Mid-level,Full-time,Research Scientist,210000,United States,Remote,United States,Medium,200K+
2023,Mid-level,Full-time,Research Scientist,151800,United States,Remote,United States,Medium,150K–200K
2023,Senior-level,Full-time,Data Scientist,317070,United States,On-site,United States,Medium,200K+
2023,Senior-level,Full-time,Data Scientist,170730,United States,On-site,United States,Medium,150K–200K
2023,Entry-level,Full-time,Business Data Analyst,21461,Spain,On-site,Spain,Medium,<25K
2023,Senior-level,Full-time,AI Developer,108000,Ukraine,On-site,Ukraine,Medium,100K–150K
2023,Senior-level,Full-time,AI Developer,60000,Ukraine,On-site,Ukraine,Medium,50K–100K
2023,Mid-level,Full-time,MLOps Engineer,134000,United States,Remote,United States,Medium,100K–150K
2023,Mid-level,Full-time,MLOps Engineer,124000,United States,Remote,United States,Medium,100K–150K
2023,Senior-level,Full-time,Data Engineer,171250,United States,On-site,United States,Medium,150K–200K
2023,Senior-level,Full-time,Data Engineer,113750,United States,On-site,United States,Medium,100K–150K
2023,Senior-level,Full-time,Data Scientist,225000,United States,On-site,United States,Medium,200K+
2023,Senior-level,Full-time,Data Scientist,175000,United States,On-site,United States,Medium,150K–200K
2023,Senior-level,Full-time,Data Engineer,230000,United States,On-site,United States,Medium,200K+
2023,Senior-level,Full-time,Data Engineer,124500,United States,On-site,United States,Medium,100K–150K
2023,Senior-level,Full-time,Data Analyst,175000,United States,On-site,United States,Medium,150K–200K
2023,Senior-level,Full-time,Data Analyst,148700,United States,On-site,United States,Medium,100K–150K
2023,Senior-level,Full-time,Data Analyst,125600,United States,On-site,United States,Medium,100K–150K
2023,Senior-level,Full-time,Research Scientist,200000,United States,On-site,United States,Medium,150K–200K
2023,Senior-level,Full-time,Research Scientist,150000,United States,On-site,United States,Medium,100K–150K
2023,Entry-level,Full-time,Research Engineer,160000,United States,On-site,United States,Medium,150K–200K
2023,Entry-level,Full-time,Research Engineer,120000,United States,On-site,United States,Medium,100K–150K
2023,Senior-level,Full-time,Data Analyst,185000,United States,Remote,United States,Medium,150K–200K
2023,Senior-level,Full-time,Data Analyst,120250,United States,Remote,United States,Medium,100K–150K
2023,Senior-level,Full-time,Data Scientist,183000,United States,Remote,United States,Medium,150K–200K
2023,Senior-level,Full-time,Data Architect,170000,United States,Remote,United States,Medium,150K–200K
2023,Senior-level,Full-time,Data Architect,125000,United States,Remote,United States,Medium,100K–150K
2023,Senior-level,Full-time,Research Scientist,250000,United States,On-site,United States,Medium,200K+
2023,Mid-level,Full-time,Machine Learning Engineer,135000,United States,Hybrid,United States,Large,100K–150K
2023,Senior-level,Full-time,AI Scientist,423834,Israel,On-site,Israel,Large,200K+
2023,Senior-level,Full-time,Machine Learning Engineer,216000,United States,Remote,United States,Medium,200K+
2023,Senior-level,Full-time,Machine Learning Engineer,184000,United States,Remote,United States,Medium,150K–200K
2023,Senior-level,Full-time,Data Engineer,180000,United States,Remote,United States,Medium,150K–200K
2023,Senior-level,Full-time,Data Engineer,165000,United States,Remote,United States,Medium,150K–200K
2023,Mid-level,Full-time,Data Engineer,143865,United States,On-site,United States,Medium,100K–150K
2023,Mid-level,Full-time,Data Engineer,115092,United States,On-site,United States,Medium,100K–150K
2023,Mid-level,Full-time,Machine Learning Engineer,130000,United States,On-site,United States,Medium,100K–150K
2023,Mid-level,Full-time,Machine Learning Engineer,90000,United States,On-site,United States,Medium,50K–100K
2023,Senior-level,Full-time,Data Scientist,173000,United States,Remote,United States,Medium,150K–200K
2023,Senior-level,Full-time,Data Scientist,132000,United States,Remote,United States,Medium,100K–150K
2023,Senior-level,Full-time,Data Analyst,208049,United States,On-site,United States,Medium,200K+
2023,Senior-level,Full-time,Data Analyst,128500,United States,On-site,United States,Medium,100K–150K
2023,Senior-level,Full-time,Data Engineer,167500,United States,On-site,United States,Medium,150K–200K
2023,Senior-level,Full-time,Data Engineer,106500,United States,On-site,United States,Medium,100K–150K
2023,Mid-level,Full-time,Data Engineer,149600,United States,On-site,United States,Medium,100K–150K
2023,Mid-level,Full-time,Data Engineer,102000,United States,On-site,United States,Medium,100K–150K
2023,Executive-level,Full-time,Data Scientist,100000,United States,On-site,United States,Medium,50K–100K
2023,Senior-level,Full-time,Data Analyst,190000,United States,Remote,United States,Medium,150K–200K
2023,Senior-level,Full-time,Data Analyst,95000,United States,Remote,United States,Medium,50K–100K
2023,Senior-level,Full-time,Data Analyst,106800,United States,On-site,United States,Medium,100K–150K
2023,Mid-level,Full-time,Data Scientist,96578,Ireland,On-site,Ireland,Medium,50K–100K
2023,Mid-level,Full-time,Data Scientist,80481,Ireland,On-site,Ireland,Medium,50K–100K
2023,Mid-level,Full-time,Data Analyst,128000,United States,On-site,United States,Medium,100K–150K
2023,Mid-level,Full-time,Data Analyst,85000,United States,On-site,United States,Medium,50K–100K
2023,Mid-level,Full-time,Data Engineer,151000,United States,On-site,United States,Medium,150K–200K
2023,Mid-level,Full-time,Data Engineer,140000,United States,On-site,United States,Medium,100K–150K
2023,Senior-level,Full-time,Machine Learning Scientist,220000,United States,On-site,United States,Medium,200K+
2023,Senior-level,Full-time,Machine Learning Scientist,170000,United States,On-site,United States,Medium,150K–200K
2023,Entry-level,Full-time,Autonomous Vehicle Technician,7000,Ghana,On-site,Ghana,Small,<25K
2023,Entry-level,Full-time,Applied Machine Learning Scientist,42923,Germany,Hybrid,Germany,Medium,25K-50K
2023,Senior-level,Full-time,Data Engineer,160000,Canada,Remote,Canada,Medium,150K–200K
2023,Senior-level,Full-time,Data Engineer,145000,Canada,Remote,Canada,Medium,100K–150K
2023,Mid-level,Full-time,Data Analyst,154000,United States,On-site,United States,Medium,150K–200K
2023,Mid-level,Full-time,Data Analyst,143000,United States,On-site,United States,Medium,100K–150K
2023,Mid-level,Full-time,Data Scientist,78990,United Kingdom,On-site,United Kingdom,Medium,50K–100K
2023,Mid-level,Full-time,Data Scientist,51039,United Kingdom,On-site,United Kingdom,Medium,50K–100K
2023,Entry-level,Full-time,Data Scientist,190000,United States,On-site,United States,Medium,150K–200K
2023,Entry-level,Full-time,Data Scientist,120000,United States,On-site,United States,Medium,100K–150K
2023,Mid-level,Full-time,Data Scientist,85066,United Kingdom,On-site,United Kingdom,Medium,50K–100K
2023,Mid-level,Full-time,Data Scientist,109371,United Kingdom,On-site,United Kingdom,Medium,100K–150K
2023,Mid-level,Full-time,Data Scientist,72914,United Kingdom,On-site,United Kingdom,Medium,50K–100K
2023,Senior-level,Full-time,Data Engineer,111000,United States,On-site,United States,Medium,100K–150K
2023,Executive-level,Full-time,Data Engineer,265000,United States,On-site,United States,Medium,200K+
2023,Executive-level,Full-time,Data Engineer,235000,United States,On-site,United States,Medium,200K+
2023,Entry-level,Full-time,Data Scientist,121093,Switzerland,Hybrid,Switzerland,Large,100K–150K
2022,Mid-level,Full-time,Data Scientist,73546,Germany,Remote,Germany,Medium,50K–100K
2023,Mid-level,Full-time,Data Engineer,75000,United States,Remote,United States,Medium,50K–100K
2023,Mid-level,Full-time,Data Engineer,60400,United States,Remote,United States,Medium,50K–100K
2022,Senior-level,Full-time,Lead Data Scientist,172309,Ireland,Remote,Ireland,Large,150K–200K
2023,Mid-level,Full-time,Data Scientist,60093,Austria,Remote,Germany,Medium,50K–100K
2023,Mid-level,Full-time,Data Analyst,83500,United States,Remote,United States,Medium,50K–100K
2023,Mid-level,Full-time,Data Analyst,52500,United States,Remote,United States,Medium,50K–100K
2023,Senior-level,Full-time,Data Scientist,201036,United States,On-site,United States,Medium,200K+
2023,Senior-level,Full-time,Data Scientist,134024,United States,On-site,United States,Medium,100K–150K
2023,Senior-level,Full-time,Data Analyst,165000,United States,Remote,United States,Medium,150K–200K
2023,Senior-level,Full-time,Data Analyst,140000,United States,Remote,United States,Medium,100K–150K
2023,Entry-level,Full-time,Data Engineer,62000,United States,Remote,United States,Medium,50K–100K
2023,Entry-level,Full-time,Data Engineer,58000,United States,Remote,United States,Medium,50K–100K
2023,Senior-level,Full-time,Data Scientist,172000,United States,On-site,United States,Medium,150K–200K
2023,Senior-level,Full-time,Data Scientist,115000,United States,On-site,United States,Medium,100K–150K
2023,Entry-level,Full-time,Data Engineer,125000,United States,On-site,United States,Medium,100K–150K
2023,Entry-level,Full-time,Data Engineer,90000,United States,On-site,United States,Medium,50K–100K
2023,Senior-level,Full-time,Data Engineer,163800,United States,On-site,United States,Medium,150K–200K
2023,Senior-level,Full-time,Data Engineer,126000,United States,On-site,United States,Medium,100K–150K
2023,Mid-level,Full-time,Data Engineer,90000,United States,Remote,United States,Medium,50K–100K
2023,Senior-level,Full-time,Data Engineer,139500,United States,On-site,United States,Medium,100K–150K
2023,Senior-level,Full-time,Data Engineer,109400,United States,On-site,United States,Medium,100K–150K
2023,Mid-level,Full-time,Data Engineer,145000,United States,On-site,United States,Medium,100K–150K
2023,Mid-level,Full-time,Data Engineer,120000,United States,On-site,United States,Medium,100K–150K
2023,Senior-level,Full-time,Data Engineer,205600,United States,On-site,United States,Large,200K+
2023,Senior-level,Full-time,Data Engineer,105700,United States,On-site,United States,Large,100K–150K
2023,Senior-level,Full-time,Data Scientist,239748,United States,On-site,United States,Medium,200K+
2023,Senior-level,Full-time,Data Scientist,159832,United States,On-site,United States,Medium,150K–200K
2023,Senior-level,Full-time,Data Scientist,186300,United States,Remote,United States,Medium,150K–200K
2023,Senior-level,Full-time,Data Scientist,102500,United States,Remote,United States,Medium,100K–150K
2023,Senior-level,Full-time,Data Scientist,126000,United States,On-site,United States,Medium,100K–150K
2023,Senior-level,Full-time,Data Architect,149040,United States,Remote,United States,Medium,100K–150K
2023,Senior-level,Full-time,Data Architect,113900,United States,Remote,United States,Medium,100K–150K
2023,Senior-level,Full-time,Data Engineer,153600,United States,Remote,United States,Medium,150K–200K
2023,Senior-level,Full-time,Data Engineer,106800,United States,Remote,United States,Medium,100K–150K
2023,Senior-level,Full-time,Data Engineer,172600,United States,Remote,United States,Medium,150K–200K
2023,Senior-level,Full-time,Data Engineer,107900,United States,Remote,United States,Medium,100K–150K
2023,Senior-level,Full-time,Data Analyst,180180,United States,On-site,United States,Medium,150K–200K
2023,Senior-level,Full-time,Data Analyst,106020,United States,On-site,United States,Medium,100K–150K
2023,Senior-level,Full-time,Data Architect,376080,United States,Remote,United States,Medium,200K+
2023,Senior-level,Full-time,Data Architect,213120,United States,Remote,United States,Medium,200K+
2023,Senior-level,Full-time,Data Analyst,206500,United States,Remote,United States,Medium,200K+
2023,Senior-level,Full-time,Data Analyst,121600,United States,Remote,United States,Medium,100K–150K
2023,Senior-level,Full-time,Data Engineer,260000,United States,On-site,United States,Medium,200K+
2023,Senior-level,Full-time,Data Engineer,225000,United States,On-site,United States,Medium,200K+
2023,Executive-level,Full-time,Data Engineer,194500,United States,On-site,United States,Medium,150K–200K
2023,Executive-level,Full-time,Data Engineer,115500,United States,On-site,United States,Medium,100K–150K
2023,Senior-level,Full-time,Cloud Database Engineer,170000,United States,Remote,United States,Large,150K–200K
2023,Senior-level,Full-time,Applied Machine Learning Scientist,90000,United States,Remote,United States,Large,50K–100K
2023,Entry-level,Full-time,Data Analyst,95000,United States,Remote,United States,Medium,50K–100K
2023,Entry-level,Full-time,Data Analyst,70000,United States,Remote,United States,Medium,50K–100K
2023,Senior-level,Full-time,Data Engineer,275000,United States,On-site,United States,Medium,200K+
2023,Senior-level,Full-time,Data Analyst,115934,United States,Remote,United States,Medium,100K–150K
2023,Senior-level,Full-time,Data Analyst,81666,United States,Remote,United States,Medium,50K–100K
2023,Senior-level,Full-time,Machine Learning Engineer,150000,United States,Remote,United States,Medium,100K–150K
2023,Senior-level,Full-time,Machine Learning Engineer,120000,United States,Remote,United States,Medium,100K–150K
2023,Senior-level,Full-time,Research Engineer,200000,United States,On-site,United States,Medium,150K–200K
2023,Senior-level,Full-time,Research Engineer,175000,United States,On-site,United States,Medium,150K–200K
2023,Mid-level,Full-time,Data Analyst,206000,United States,On-site,United States,Medium,200K+
2023,Mid-level,Full-time,Data Analyst,130000,United States,On-site,United States,Medium,100K–150K
2023,Senior-level,Full-time,Data Architect,138000,United Kingdom,Remote,United Kingdom,Medium,100K–150K
2023,Senior-level,Full-time,Data Architect,92000,United Kingdom,Remote,United Kingdom,Medium,50K–100K
2023,Senior-level,Full-time,Data Manager,65000,Colombia,On-site,Colombia,Medium,50K–100K
2023,Senior-level,Full-time,Data Manager,48000,Colombia,On-site,Colombia,Medium,25K-50K
2023,Senior-level,Full-time,Data Analyst,110000,United States,Remote,United States,Medium,100K–150K
2023,Senior-level,Full-time,Analytics Engineer,130000,United States,On-site,United States,Medium,100K–150K
2023,Senior-level,Full-time,Analytics Engineer,87000,United States,On-site,United States,Medium,50K–100K
2023,Mid-level,Full-time,Data Analyst,160000,United States,On-site,United States,Medium,150K–200K
2023,Mid-level,Full-time,Data Analyst,112000,United States,On-site,United States,Medium,100K–150K
2023,Senior-level,Full-time,Data Science Manager,299500,United States,On-site,United States,Medium,200K+
2023,Senior-level,Full-time,Data Science Manager,245100,United States,On-site,United States,Medium,200K+
2023,Mid-level,Full-time,Data Scientist,145000,United States,On-site,United States,Medium,100K–150K
2023,Mid-level,Full-time,Data Scientist,100000,United States,On-site,United States,Medium,50K–100K
2023,Senior-level,Full-time,Data Engineer,147100,United States,On-site,United States,Medium,100K–150K
2023,Entry-level,Full-time,Data Engineer,115100,United States,On-site,United States,Medium,100K–150K
2023,Entry-level,Full-time,Data Engineer,73900,United States,On-site,United States,Medium,50K–100K
2023,Senior-level,Full-time,Data Engineer,168400,United States,On-site,United States,Medium,150K–200K
2023,Senior-level,Full-time,Data Engineer,105200,United States,On-site,United States,Medium,100K–150K
2023,Mid-level,Full-time,Data Analyst,100000,United States,On-site,United States,Medium,50K–100K
2023,Mid-level,Full-time,Data Engineer,85066,United Kingdom,Remote,United Kingdom,Medium,50K–100K
2023,Mid-level,Full-time,Data Engineer,57723,United Kingdom,Remote,United Kingdom,Medium,50K–100K
2023,Mid-level,Full-time,Data Engineer,95000,United States,On-site,United States,Medium,50K–100K
2023,Mid-level,Full-time,Financial Data Analyst,130000,United States,Remote,United States,Large,100K–150K
2023,Senior-level,Full-time,Data Scientist,205000,United States,On-site,United States,Medium,200K+
2023,Senior-level,Full-time,Research Scientist,141288,United States,On-site,United States,Medium,100K–150K
2023,Senior-level,Full-time,Research Scientist,94192,United States,On-site,United States,Medium,50K–100K
2023,Senior-level,Full-time,Data Infrastructure Engineer,184000,United States,Remote,United States,Medium,150K–200K
2023,Senior-level,Full-time,Data Infrastructure Engineer,143000,United States,Remote,United States,Medium,100K–150K
2023,Senior-level,Full-time,Data Analyst,55000,United States,On-site,United States,Medium,50K–100K
2023,Senior-level,Full-time,Analytics Engineer,275300,United States,Remote,United States,Medium,200K+
2023,Senior-level,Full-time,Analytics Engineer,183500,United States,Remote,United States,Medium,150K–200K
2023,Mid-level,Full-time,Data Analyst,75000,United States,Remote,United States,Medium,50K–100K
2023,Mid-level,Full-time,Data Analyst,65000,United States,Remote,United States,Medium,50K–100K
2023,Mid-level,Full-time,ML Engineer,160000,United States,On-site,United States,Medium,150K–200K
2023,Mid-level,Full-time,ML Engineer,147000,United States,On-site,United States,Medium,100K–150K
2023,Mid-level,Full-time,Software Data Engineer,75020,Singapore,Remote,Singapore,Large,50K–100K
2023,Mid-level,Full-time,Data Scientist,17022,India,Remote,India,Large,<25K
2023,Entry-level,Full-time,AI Programmer,70000,India,On-site,Australia,Large,50K–100K
2023,Entry-level,Full-time,AI Developer,80000,Sweden,Hybrid,Sweden,Medium,50K–100K
2023,Mid-level,Full-time,Lead Data Analyst,18238,India,Hybrid,India,Large,<25K
2023,Mid-level,Full-time,Machine Learning Engineer,150000,United States,On-site,United States,Medium,100K–150K
2023,Executive-level,Full-time,Data Engineer,210914,United States,Remote,United States,Medium,200K+
2023,Executive-level,Full-time,Data Engineer,116704,United States,Remote,United States,Medium,100K–150K
2023,Entry-level,Full-time,Research Scientist,150000,United States,On-site,United States,Medium,100K–150K
2023,Entry-level,Full-time,Research Scientist,100000,United States,On-site,United States,Medium,50K–100K
2023,Entry-level,Full-time,Data Analyst,60000,United States,Remote,United States,Medium,50K–100K
2023,Mid-level,Full-time,Analytics Engineer,185700,United States,On-site,United States,Medium,150K–200K
2023,Mid-level,Full-time,Analytics Engineer,165000,United States,On-site,United States,Medium,150K–200K
2023,Senior-level,Full-time,Data Analyst,169000,United States,On-site,United States,Medium,150K–200K
2023,Senior-level,Full-time,Data Analyst,110600,United States,On-site,United States,Medium,100K–150K
2023,Senior-level,Full-time,Data Operations Engineer,193000,United States,Remote,United States,Medium,150K–200K
2023,Senior-level,Full-time,Data Operations Engineer,136850,United States,Remote,United States,Medium,100K–150K
2023,Senior-level,Full-time,Machine Learning Engineer,139500,United States,On-site,United States,Medium,100K–150K
2023,Senior-level,Full-time,Machine Learning Engineer,109400,United States,On-site,United States,Medium,100K–150K
2023,Senior-level,Full-time,Data Engineer,276000,United States,Remote,United States,Medium,200K+
2023,Senior-level,Full-time,Data Engineer,178500,United States,Remote,United States,Medium,150K–200K
2023,Mid-level,Full-time,Data Scientist,59020,Spain,On-site,Spain,Medium,50K–100K
2023,Mid-level,Full-time,Data Scientist,48289,Spain,On-site,Spain,Medium,25K-50K
2023,Mid-level,Full-time,Data Engineer,75116,Slovenia,Remote,Slovenia,Medium,50K–100K
2023,Mid-level,Full-time,Data Engineer,48289,Slovenia,Remote,Slovenia,Medium,25K-50K
2023,Senior-level,Full-time,Machine Learning Engineer,195652,United Kingdom,On-site,United Kingdom,Medium,150K–200K
2023,Senior-level,Full-time,Machine Learning Engineer,101228,United Kingdom,On-site,United Kingdom,Medium,100K–150K
2023,Senior-level,Full-time,Data Engineer,136956,United Kingdom,On-site,United Kingdom,Medium,100K–150K
2023,Senior-level,Full-time,Data Engineer,101228,United Kingdom,On-site,United Kingdom,Medium,100K–150K
2022,Senior-level,Full-time,BI Developer,130000,United States,Remote,United States,Large,100K–150K
2021,Mid-level,Full-time,Data Science Lead,150000,United States,Remote,United States,Medium,100K–150K
2023,Senior-level,Full-time,ML Engineer,260000,Canada,Remote,Canada,Medium,200K+
2023,Senior-level,Full-time,ML Engineer,110000,Canada,Remote,Canada,Medium,100K–150K
2023,Senior-level,Full-time,Analytics Engineer,170000,United States,Remote,United States,Medium,150K–200K
2023,Senior-level,Full-time,Analytics Engineer,130000,United States,Remote,United States,Medium,100K–150K
2023,Senior-level,Full-time,Machine Learning Engineer,163800,United States,On-site,United States,Medium,150K–200K
2023,Senior-level,Full-time,Machine Learning Engineer,126000,United States,On-site,United States,Medium,100K–150K
2023,Mid-level,Full-time,Data Scientist,128750,United States,On-site,United States,Medium,100K–150K
2023,Mid-level,Full-time,Data Scientist,106250,United States,On-site,United States,Medium,100K–150K
2023,Executive-level,Full-time,Data Engineer,167500,United States,On-site,United States,Medium,150K–200K
2023,Executive-level,Full-time,Data Engineer,106500,United States,On-site,United States,Medium,100K–150K
2023,Senior-level,Full-time,Data Architect,188500,United States,Remote,United States,Medium,150K–200K
2023,Senior-level,Full-time,Data Architect,117000,United States,Remote,United States,Medium,100K–150K
2023,Senior-level,Full-time,Data Analyst,250000,United States,Remote,United States,Medium,200K+
2023,Senior-level,Full-time,Data Analyst,138000,United States,Remote,United States,Medium,100K–150K
2023,Mid-level,Full-time,Data Analyst,130000,Canada,Remote,Canada,Medium,100K–150K
2023,Mid-level,Full-time,Data Analyst,100000,Canada,Remote,Canada,Medium,50K–100K
2023,Senior-level,Full-time,Deep Learning Researcher,123405,Germany,On-site,Germany,Large,100K–150K
2023,Senior-level,Full-time,BI Analyst,160000,United States,On-site,United States,Medium,150K–200K
2023,Senior-level,Full-time,BI Analyst,135000,United States,On-site,United States,Medium,100K–150K
2023,Mid-level,Full-time,Data Science Manager,104500,United States,On-site,United States,Medium,100K–150K
2023,Mid-level,Full-time,Data Science Manager,70000,United States,On-site,United States,Medium,50K–100K
2023,Mid-level,Full-time,Data Science Consultant,90000,United States,On-site,United States,Medium,50K–100K
2023,Mid-level,Full-time,Data Science Consultant,70000,United States,On-site,United States,Medium,50K–100K
2023,Mid-level,Full-time,Research Scientist,185000,United States,Remote,United States,Medium,150K–200K
2023,Mid-level,Full-time,Research Scientist,125000,United States,Remote,United States,Medium,100K–150K
2023,Senior-level,Full-time,Data Analyst,127000,United States,Remote,United States,Medium,100K–150K
2023,Senior-level,Full-time,Data Analyst,94000,United States,Remote,United States,Medium,50K–100K
2023,Senior-level,Full-time,Data Scientist,210550,United States,On-site,United States,Medium,200K+
2023,Senior-level,Full-time,Data Scientist,153300,United States,On-site,United States,Medium,150K–200K
2023,Mid-level,Full-time,Data Scientist,200000,United States,Remote,United States,Medium,150K–200K
2023,Mid-level,Full-time,Data Scientist,150000,United States,Remote,United States,Medium,100K–150K
2023,Senior-level,Full-time,Data Analyst,161500,United States,Remote,United States,Medium,150K–200K
2023,Senior-level,Full-time,Data Analyst,119500,United States,Remote,United States,Medium,100K–150K
2023,Senior-level,Full-time,Data Scientist,148750,United States,On-site,United States,Medium,100K–150K
2023,Senior-level,Full-time,Data Analytics Specialist,105000,United States,On-site,United States,Medium,100K–150K
2023,Senior-level,Full-time,Data Analytics Specialist,85000,United States,On-site,United States,Medium,50K–100K
2023,Senior-level,Full-time,Research Scientist,215000,United States,On-site,United States,Medium,200K+
2023,Senior-level,Full-time,Research Scientist,146300,United States,On-site,United States,Medium,100K–150K
2023,Entry-level,Full-time,AI Developer,214618,Germany,Remote,Germany,Large,200K+
2023,Mid-level,Full-time,Data Engineer,72000,Mexico,Remote,Mexico,Medium,50K–100K
2023,Mid-level,Full-time,Data Engineer,60000,Mexico,Remote,Mexico,Medium,50K–100K
2023,Senior-level,Full-time,Machine Learning Engineer,153400,United States,On-site,United States,Medium,150K–200K
2023,Senior-level,Full-time,Machine Learning Engineer,122700,United States,On-site,United States,Medium,100K–150K
2023,Mid-level,Full-time,Data Engineer,260000,United States,On-site,United States,Medium,200K+
2023,Mid-level,Full-time,Data Engineer,175000,United States,On-site,United States,Medium,150K–200K
2023,Senior-level,Full-time,Data Scientist,123900,United States,Remote,United States,Medium,100K–150K
2023,Mid-level,Full-time,Research Scientist,340000,United States,Remote,United States,Medium,200K+
2023,Mid-level,Full-time,Research Scientist,150000,United States,Remote,United States,Medium,100K–150K
2023,Mid-level,Full-time,Data Engineer,250000,United States,On-site,United States,Medium,200K+
2023,Mid-level,Full-time,Data Scientist,64385,France,Hybrid,France,Medium,50K–100K
2023,Senior-level,Full-time,Data Analyst,185900,United States,On-site,United States,Medium,150K–200K
2023,Senior-level,Full-time,Data Analyst,121700,United States,On-site,United States,Medium,100K–150K
2023,Senior-level,Freelance,Software Data Engineer,50000,Nigeria,Hybrid,Australia,Medium,25K-50K
2023,Entry-level,Full-time,Data Analyst,100000,UZ,Remote,United States,Large,50K–100K
2023,Executive-level,Full-time,Data Engineer,310000,United States,Remote,United States,Medium,200K+
2023,Executive-level,Full-time,Data Engineer,239000,United States,Remote,United States,Medium,200K+
2023,Senior-level,Full-time,Data Analyst,125000,United States,On-site,United States,Medium,100K–150K
2023,Senior-level,Full-time,Data Analyst,110000,United States,On-site,United States,Medium,100K–150K
2023,Entry-level,Full-time,Data Analyst,150000,United States,On-site,United States,Medium,100K–150K
2023,Entry-level,Full-time,Data Analyst,100000,United States,On-site,United States,Medium,50K–100K
2023,Senior-level,Full-time,Data Scientist,149076,United States,On-site,United States,Medium,100K–150K
2023,Senior-level,Full-time,Data Scientist,82365,United States,On-site,United States,Medium,50K–100K
2023,Mid-level,Full-time,Data Analyst,97218,United Kingdom,On-site,United Kingdom,Medium,50K–100K
2023,Mid-level,Full-time,Data Analyst,48609,United Kingdom,On-site,United Kingdom,Medium,25K-50K
2023,Senior-level,Full-time,Data Analyst,95000,United States,On-site,United States,Medium,50K–100K
2023,Senior-level,Full-time,Data Analyst,85500,United States,On-site,United States,Medium,50K–100K
2023,Mid-level,Full-time,Data Scientist,97750,United States,Remote,United States,Medium,50K–100K
2023,Senior-level,Full-time,Data Scientist,201000,United States,On-site,United States,Medium,200K+
2023,Senior-level,Full-time,Data Scientist,122000,United States,On-site,United States,Medium,100K–150K
2023,Mid-level,Full-time,Data Scientist,116990,United States,Remote,United States,Medium,100K–150K
2023,Mid-level,Full-time,Data Scientist,82920,United States,Remote,United States,Medium,50K–100K
2023,Mid-level,Full-time,Machine Learning Scientist,200000,United States,On-site,United States,Small,150K–200K
2023,Mid-level,Full-time,Machine Learning Scientist,125000,United States,On-site,United States,Small,100K–150K
2023,Senior-level,Full-time,Machine Learning Engineer,204500,United States,On-site,United States,Medium,200K+
2023,Senior-level,Full-time,Machine Learning Engineer,142200,United States,On-site,United States,Medium,100K–150K
2023,Senior-level,Full-time,Data Manager,155000,United States,On-site,United States,Medium,150K–200K
2023,Senior-level,Full-time,Data Manager,140000,United States,On-site,United States,Medium,100K–150K
2023,Mid-level,Full-time,Machine Learning Infrastructure Engineer,205920,United States,On-site,United States,Medium,200K+
2023,Mid-level,Full-time,Machine Learning Infrastructure Engineer,171600,United States,On-site,United States,Medium,150K–200K
2023,Senior-level,Full-time,Data Engineer,121500,United States,Remote,United States,Medium,100K–150K
2023,Senior-level,Full-time,Data Engineer,78000,United States,Remote,United States,Medium,50K–100K
2023,Mid-level,Full-time,Data Engineer,154000,United States,On-site,United States,Medium,150K–200K
2023,Mid-level,Full-time,Data Engineer,116000,United States,On-site,United States,Medium,100K–150K
2023,Senior-level,Full-time,Data Scientist,136000,United States,On-site,United States,Medium,100K–150K
2023,Mid-level,Full-time,Data Analyst,78990,United Kingdom,Remote,United Kingdom,Medium,50K–100K
2023,Mid-level,Full-time,Data Analyst,43809,United Kingdom,Remote,United Kingdom,Medium,25K-50K
2023,Senior-level,Full-time,Data Analyst,180000,United States,On-site,United States,Medium,150K–200K
2023,Senior-level,Full-time,Data Engineer,170000,United States,On-site,United States,Medium,150K–200K
2023,Senior-level,Full-time,Data Engineer,154000,United States,On-site,United States,Medium,150K–200K
2023,Senior-level,Full-time,Data Engineer,116000,United States,On-site,United States,Medium,100K–150K
2023,Mid-level,Full-time,Data Engineer,200000,United States,On-site,United States,Medium,150K–200K
2023,Senior-level,Full-time,Data Scientist,160000,United States,Remote,United States,Medium,150K–200K
2023,Mid-level,Full-time,Data Engineer,127599,United Kingdom,On-site,United Kingdom,Medium,100K–150K
2023,Mid-level,Full-time,Data Engineer,103294,United Kingdom,On-site,United Kingdom,Medium,100K–150K
2023,Senior-level,Full-time,Data Engineer,153600,United States,On-site,United States,Medium,150K–200K
2023,Senior-level,Full-time,Data Engineer,106800,United States,On-site,United States,Medium,100K–150K
2023,Senior-level,Full-time,Data Scientist,156400,United States,On-site,United States,Medium,150K–200K
2023,Senior-level,Full-time,Analytics Engineer,150000,United States,On-site,United States,Medium,100K–150K
2023,Senior-level,Full-time,Analytics Engineer,120000,United States,On-site,United States,Medium,100K–150K
2023,Senior-level,Full-time,Data Analyst,145000,United States,Remote,United States,Medium,100K–150K
2023,Senior-level,Full-time,Data Scientist,260000,United States,On-site,United States,Medium,200K+
2023,Entry-level,Full-time,Data Analyst,30000,India,Hybrid,India,Medium,25K-50K
2023,Mid-level,Full-time,Research Scientist,185000,United States,On-site,United States,Medium,150K–200K
2023,Mid-level,Full-time,Research Scientist,125000,United States,On-site,United States,Medium,100K–150K
2022,Entry-level,Part-time,Data Analyst,34320,United States,Remote,United States,Small,25K-50K
2022,Mid-level,Full-time,Business Data Analyst,9289,Brazil,Remote,Brazil,Medium,<25K
2023,Senior-level,Full-time,Head of Data,75116,Portugal,Remote,Portugal,Large,50K–100K
2022,Executive-level,Full-time,Data Science Manager,106000,UZ,On-site,Russia,Large,100K–150K
2023,Senior-level,Full-time,Data Analyst,175000,United States,Remote,United States,Medium,150K–200K
2023,Senior-level,Full-time,Data Analyst,122000,United States,Remote,United States,Medium,100K–150K
2023,Senior-level,Full-time,Data Analyst,93800,United States,Remote,United States,Medium,50K–100K
2023,Senior-level,Full-time,Data Science Manager,150000,Mexico,Remote,Mexico,Medium,100K–150K
2023,Senior-level,Full-time,Data Science Manager,90000,Mexico,Remote,Mexico,Medium,50K–100K
2023,Entry-level,Full-time,Computer Vision Engineer,220000,United States,On-site,United States,Medium,200K+
2023,Senior-level,Full-time,BI Data Analyst,71897,Germany,Remote,Germany,Medium,50K–100K
2023,Entry-level,Full-time,AI Developer,64385,Germany,On-site,Germany,Medium,50K–100K
2023,Senior-level,Full-time,Data Analyst,15806,India,Remote,India,Small,<25K
2023,Mid-level,Full-time,Machine Learning Engineer,200000,United States,On-site,United States,Medium,150K–200K
2023,Mid-level,Full-time,Machine Learning Engineer,175000,United States,On-site,United States,Medium,150K–200K
2023,Mid-level,Full-time,Data Scientist,40000,France,Hybrid,France,Large,25K-50K
2023,Senior-level,Full-time,Data Science Consultant,29453,Thailand,Hybrid,Thailand,Medium,25K-50K
2023,Senior-level,Full-time,Data Scientist,136000,United States,Remote,United States,Medium,100K–150K
2023,Senior-level,Full-time,Data Scientist,104000,United States,Remote,United States,Medium,100K–150K
2023,Senior-level,Full-time,Data Analyst,152380,United States,On-site,United States,Medium,150K–200K
2023,Senior-level,Full-time,Data Analyst,121904,United States,On-site,United States,Medium,100K–150K
2023,Senior-level,Full-time,Data Architect,168400,United States,On-site,United States,Medium,150K–200K
2023,Senior-level,Full-time,Data Architect,105200,United States,On-site,United States,Medium,100K–150K
2023,Senior-level,Full-time,Machine Learning Engineer,128280,United States,On-site,United States,Medium,100K–150K
2023,Senior-level,Full-time,Machine Learning Engineer,106900,United States,On-site,United States,Medium,100K–150K
2022,Senior-level,Full-time,Lead Data Scientist,192000,United States,Remote,United States,Large,150K–200K
2023,Mid-level,Full-time,Data Engineer,100000,United States,On-site,United States,Medium,50K–100K
2023,Senior-level,Full-time,Research Engineer,107309,Germany,Remote,Germany,Small,100K–150K
2023,Senior-level,Full-time,Research Engineer,85847,Germany,Remote,Germany,Small,50K–100K
2023,Senior-level,Full-time,Machine Learning Engineer,275000,Germany,On-site,Germany,Medium,200K+
2023,Senior-level,Full-time,Machine Learning Engineer,174000,Germany,On-site,Germany,Medium,150K–200K
2023,Senior-level,Full-time,Data Analyst,170500,United States,Remote,United States,Medium,150K–200K
2023,Senior-level,Full-time,Data Analyst,85000,United States,Remote,United States,Medium,50K–100K
2023,Senior-level,Full-time,Data Manager,72946,United Kingdom,On-site,United Kingdom,Medium,50K–100K
2023,Senior-level,Full-time,Data Manager,54365,United Kingdom,On-site,United Kingdom,Medium,50K–100K
2023,Executive-level,Full-time,Head of Data Science,160288,United Kingdom,On-site,United Kingdom,Medium,150K–200K
2023,Executive-level,Full-time,Head of Data Science,127467,United Kingdom,On-site,United Kingdom,Medium,100K–150K
2023,Senior-level,Full-time,Data Engineer,80000,United States,On-site,United States,Medium,50K–100K
2023,Senior-level,Full-time,Data Engineer,65000,United States,On-site,United States,Medium,50K–100K
2023,Senior-level,Full-time,Data Engineer,124740,United States,On-site,United States,Medium,100K–150K
2023,Senior-level,Full-time,Data Engineer,65488,United States,On-site,United States,Medium,50K–100K
2023,Senior-level,Full-time,Data Quality Analyst,72200,United States,On-site,United States,Medium,50K–100K
2023,Senior-level,Full-time,Data Quality Analyst,64980,United States,On-site,United States,Medium,50K–100K
2023,Senior-level,Full-time,Data Analyst,179975,United States,Remote,United States,Medium,150K–200K
2023,Senior-level,Full-time,Data Analyst,86466,United States,Remote,United States,Medium,50K–100K
2023,Senior-level,Full-time,Data Engineer,90000,United States,On-site,United States,Medium,50K–100K
2023,Mid-level,Full-time,Insight Analyst,51039,United Kingdom,On-site,United Kingdom,Medium,50K–100K
2023,Mid-level,Full-time,Insight Analyst,42533,United Kingdom,On-site,United Kingdom,Medium,25K-50K
2023,Senior-level,Full-time,Data Science Manager,175000,United States,On-site,United States,Medium,150K–200K
2023,Senior-level,Full-time,Data Science Manager,120000,United States,On-site,United States,Medium,100K–150K
2023,Senior-level,Full-time,Data Analyst,230000,United States,On-site,United States,Medium,200K+
2023,Senior-level,Full-time,Data Manager,120000,United States,On-site,United States,Medium,100K–150K
2023,Senior-level,Full-time,Machine Learning Infrastructure Engineer,205920,United States,On-site,United States,Medium,200K+
2023,Senior-level,Full-time,Machine Learning Infrastructure Engineer,171600,United States,On-site,United States,Medium,150K–200K
2023,Senior-level,Full-time,Data Engineer,265000,United States,On-site,United States,Medium,200K+
2023,Mid-level,Full-time,Applied Machine Learning Engineer,130000,United States,On-site,United States,Medium,100K–150K
2022,Entry-level,Full-time,Data Scientist,168000,United States,Remote,United States,Medium,150K–200K
2023,Mid-level,Full-time,AI Scientist,38631,Spain,Hybrid,Spain,Large,25K-50K
2023,Senior-level,Full-time,Data Engineer,167580,United States,On-site,United States,Medium,150K–200K
2023,Senior-level,Full-time,Data Engineer,87980,United States,On-site,United States,Medium,50K–100K
2023,Senior-level,Full-time,Data Engineer,202000,United States,Remote,United States,Medium,200K+
2023,Senior-level,Full-time,Data Engineer,135000,United States,Remote,United States,Medium,100K–150K
2023,Senior-level,Full-time,Data Engineer,104000,United States,Remote,United States,Medium,100K–150K
2023,Senior-level,Full-time,Data Engineer,65000,United States,Remote,United States,Medium,50K–100K
2023,Senior-level,Full-time,Research Engineer,230000,United States,On-site,United States,Medium,200K+
2023,Senior-level,Full-time,Research Engineer,148000,United States,On-site,United States,Medium,100K–150K
2023,Senior-level,Full-time,Machine Learning Engineer,269000,Canada,Remote,Canada,Medium,200K+
2023,Senior-level,Full-time,Machine Learning Engineer,158000,Canada,Remote,Canada,Medium,150K–200K
2023,Senior-level,Full-time,Analytics Engineer,197000,United States,On-site,United States,Medium,150K–200K
2023,Senior-level,Full-time,Analytics Engineer,106000,United States,On-site,United States,Medium,100K–150K
2023,Mid-level,Full-time,Deep Learning Engineer,150000,United States,Remote,United States,Medium,100K–150K
2023,Mid-level,Full-time,Deep Learning Engineer,100000,United States,Remote,United States,Medium,50K–100K
2023,Senior-level,Full-time,Data Engineer,290000,United States,Remote,United States,Medium,200K+
2023,Senior-level,Full-time,Data Engineer,210000,United States,Remote,United States,Medium,200K+
2023,Senior-level,Full-time,Data Engineer,192000,United States,On-site,United States,Medium,150K–200K
2023,Senior-level,Full-time,Data Engineer,172800,United States,On-site,United States,Medium,150K–200K
2023,Senior-level,Full-time,Data Scientist,300240,United States,On-site,United States,Medium,200K+
2023,Senior-level,Full-time,Data Scientist,200160,United States,On-site,United States,Medium,200K+
2023,Senior-level,Full-time,Analytics Engineer,175000,United States,On-site,United States,Medium,150K–200K
2023,Senior-level,Full-time,Analytics Engineer,140000,United States,On-site,United States,Medium,100K–150K
2023,Senior-level,Full-time,Data Manager,169000,United States,On-site,United States,Medium,150K–200K
2023,Senior-level,Full-time,Data Manager,100000,United States,On-site,United States,Medium,50K–100K
2023,Senior-level,Full-time,Data Scientist,370000,United States,On-site,United States,Medium,200K+
2023,Mid-level,Full-time,Data Engineer,115447,United Kingdom,Remote,United Kingdom,Large,100K–150K
2023,Senior-level,Full-time,Data Analyst,110000,United States,Remote,United States,Small,100K–150K
2023,Senior-level,Full-time,Data Analyst,80000,United States,Remote,United States,Small,50K–100K
2023,Entry-level,Full-time,Data Analyst,55000,United States,On-site,United States,Medium,50K–100K
2023,Entry-level,Full-time,Data Analyst,48000,United States,On-site,United States,Medium,25K-50K
2023,Senior-level,Full-time,Data Analyst,85000,United States,On-site,United States,Medium,50K–100K
2023,Senior-level,Full-time,Data Engineer,137500,United States,Remote,United States,Medium,100K–150K
2023,Senior-level,Full-time,Data Engineer,81500,United States,Remote,United States,Medium,50K–100K
2023,Senior-level,Full-time,Machine Learning Engineer,323300,United States,On-site,United States,Medium,200K+
2023,Senior-level,Full-time,Machine Learning Engineer,184700,United States,On-site,United States,Medium,150K–200K
2021,Mid-level,Full-time,AI Scientist,30000,Ghana,On-site,Ghana,Small,25K-50K
2023,Senior-level,Full-time,Machine Learning Engineer,186000,United States,Remote,United States,Medium,150K–200K
2023,Senior-level,Full-time,Machine Learning Engineer,153088,United States,Remote,United States,Medium,150K–200K
2023,Mid-level,Full-time,Data Infrastructure Engineer,190000,United States,Remote,United States,Medium,150K–200K
2023,Mid-level,Full-time,Data Infrastructure Engineer,160000,United States,Remote,United States,Medium,150K–200K
2023,Senior-level,Full-time,Machine Learning Engineer,200000,United States,Remote,United States,Medium,150K–200K
2023,Mid-level,Full-time,Data Infrastructure Engineer,190000,United States,On-site,United States,Medium,150K–200K
2023,Mid-level,Full-time,Data Infrastructure Engineer,183310,United States,On-site,United States,Medium,150K–200K
2023,Senior-level,Full-time,Machine Learning Engineer,240000,United States,Remote,United States,Medium,200K+
2023,Senior-level,Full-time,Machine Learning Engineer,180000,United States,Remote,United States,Medium,150K–200K
2023,Senior-level,Full-time,Data Engineer,144000,United States,Remote,United States,Medium,100K–150K
2023,Senior-level,Full-time,Data Engineer,66000,United States,Remote,United States,Medium,50K–100K
2023,Mid-level,Full-time,Machine Learning Engineer,148500,United States,On-site,United States,Medium,100K–150K
2023,Mid-level,Full-time,Machine Learning Engineer,126277,United States,On-site,United States,Medium,100K–150K
2023,Senior-level,Full-time,Data Architect,228000,United States,On-site,United States,Medium,200K+
2023,Senior-level,Full-time,Data Architect,120000,United States,On-site,United States,Medium,100K–150K
2023,Senior-level,Full-time,Machine Learning Software Engineer,180000,United States,On-site,United States,Medium,150K–200K
2023,Senior-level,Full-time,Machine Learning Software Engineer,90000,United States,On-site,United States,Medium,50K–100K
2023,Senior-level,Full-time,Data Scientist,126500,United States,On-site,United States,Medium,100K–150K
2023,Senior-level,Full-time,Data Scientist,78000,United States,On-site,United States,Medium,50K–100K
2023,Senior-level,Full-time,Data Engineer,180000,United States,On-site,United States,Medium,150K–200K
2023,Senior-level,Full-time,Machine Learning Software Engineer,272000,United States,On-site,United States,Medium,200K+
2023,Senior-level,Full-time,Machine Learning Software Engineer,170000,United States,On-site,United States,Medium,150K–200K
2023,Mid-level,Full-time,Data Analyst,80000,United States,On-site,United States,Medium,50K–100K
2023,Mid-level,Full-time,Data Analyst,60000,United States,On-site,United States,Medium,50K–100K
2023,Senior-level,Full-time,Data Engineer,259000,United States,Remote,United States,Medium,200K+
2023,Senior-level,Full-time,Data Engineer,146000,United States,Remote,United States,Medium,100K–150K
2023,Senior-level,Full-time,Data Scientist,139500,United States,On-site,United States,Medium,100K–150K
2023,Mid-level,Full-time,Data Engineer,140000,United States,Remote,United States,Medium,100K–150K
2023,Mid-level,Full-time,Data Engineer,120000,United States,Remote,United States,Medium,100K–150K
2023,Mid-level,Full-time,Data Analyst,109371,Croatia,On-site,Croatia,Medium,100K–150K
2023,Mid-level,Full-time,Data Analyst,72914,Croatia,On-site,Croatia,Medium,50K–100K
2023,Entry-level,Part-time,Data Analyst,17779,Poland,Remote,India,Large,<25K
2023,Entry-level,Full-time,Data Scientist,19522,Brazil,Remote,Brazil,Large,<25K
2023,Senior-level,Full-time,Data Science Lead,247500,United States,On-site,United States,Medium,200K+
2023,Senior-level,Full-time,Data Science Lead,172200,United States,On-site,United States,Medium,150K–200K
2023,Senior-level,Full-time,Machine Learning Infrastructure Engineer,107309,France,Remote,France,Medium,100K–150K
2023,Senior-level,Full-time,Machine Learning Infrastructure Engineer,75116,France,Remote,France,Medium,50K–100K
2023,Senior-level,Full-time,Machine Learning Engineer,288000,United States,Remote,United States,Medium,200K+
2023,Senior-level,Full-time,Machine Learning Engineer,140000,United States,Remote,United States,Medium,100K–150K
2023,Mid-level,Full-time,Data Science Lead,72914,United Kingdom,On-site,United Kingdom,Medium,50K–100K
2023,Mid-level,Full-time,Data Science Lead,60761,United Kingdom,On-site,United Kingdom,Medium,50K–100K
2023,Senior-level,Full-time,Data Scientist,215050,United States,Remote,United States,Medium,200K+
2023,Senior-level,Full-time,Data Scientist,156400,United States,Remote,United States,Medium,150K–200K
2023,Senior-level,Full-time,Data Architect,198000,United States,Remote,United States,Medium,150K–200K
2023,Senior-level,Full-time,Data Architect,114000,United States,Remote,United States,Medium,100K–150K
2023,Senior-level,Full-time,Data Scientist,209300,United States,Remote,United States,Medium,200K+
2023,Senior-level,Full-time,Data Scientist,182200,United States,Remote,United States,Medium,150K–200K
2022,Entry-level,Full-time,Data Scientist,85000,United States,On-site,United States,Medium,50K–100K
2023,Mid-level,Full-time,Machine Learning Engineer,48609,United Kingdom,Remote,United Kingdom,Medium,25K-50K
2023,Entry-level,Full-time,Research Engineer,120000,United Kingdom,Remote,United Kingdom,Medium,100K–150K
2023,Entry-level,Full-time,Research Engineer,60000,United Kingdom,Remote,United Kingdom,Medium,50K–100K
2023,Senior-level,Full-time,Machine Learning Engineer,147100,United States,On-site,United States,Medium,100K–150K
2023,Senior-level,Full-time,Machine Learning Engineer,90700,United States,On-site,United States,Medium,50K–100K
2023,Senior-level,Full-time,Data Analyst,227000,United States,On-site,United States,Medium,200K+
2023,Senior-level,Full-time,Data Analyst,108000,United States,On-site,United States,Medium,100K–150K
2023,Senior-level,Full-time,Data Architect,160000,United States,Remote,United States,Medium,150K–200K
2023,Senior-level,Full-time,Data Analyst,55800,Spain,Remote,Spain,Medium,50K–100K
2023,Senior-level,Full-time,Data Analyst,51508,Spain,Remote,Spain,Medium,50K–100K
2023,Entry-level,Full-time,Data Analyst,60000,United States,Remote,United States,Large,50K–100K
2023,Entry-level,Full-time,Data Analyst,50000,KW,Hybrid,United States,Large,25K-50K
2023,Senior-level,Full-time,Data Engineer,226700,United States,On-site,United States,Medium,200K+
2023,Senior-level,Full-time,Data Engineer,133300,United States,On-site,United States,Medium,100K–150K
2023,Senior-level,Full-time,Big Data Architect,151902,United Kingdom,Remote,United Kingdom,Large,150K–200K
2023,Entry-level,Full-time,Data Scientist,9727,India,On-site,India,Large,<25K
2023,Senior-level,Full-time,Data Analyst,52500,United States,On-site,United States,Medium,50K–100K
2023,Senior-level,Full-time,Data Engineer,250000,United States,Remote,United States,Medium,200K+
2023,Senior-level,Full-time,Data Engineer,162500,United States,Remote,United States,Medium,150K–200K
2023,Mid-level,Full-time,Data Analyst,165000,United States,On-site,United States,Medium,150K–200K
2023,Mid-level,Full-time,Data Analyst,124000,United States,On-site,United States,Medium,100K–150K
2023,Senior-level,Full-time,Data Engineer,63000,United States,Remote,United States,Medium,50K–100K
2023,Senior-level,Full-time,Research Scientist,253750,Spain,On-site,Spain,Medium,200K+
2023,Senior-level,Full-time,Research Scientist,169200,Spain,On-site,Spain,Medium,150K–200K
2023,Mid-level,Full-time,Data Scientist,170000,United States,On-site,United States,Medium,150K–200K
2023,Mid-level,Full-time,Data Scientist,120000,United States,On-site,United States,Medium,100K–150K
2023,Senior-level,Full-time,Data Engineer,213580,United States,Remote,United States,Medium,200K+
2023,Senior-level,Full-time,Data Engineer,163625,United States,Remote,United States,Medium,150K–200K
2023,Entry-level,Full-time,Data Engineer,12000,Vietnam,On-site,Vietnam,Large,<25K
2022,Senior-level,Full-time,Machine Learning Software Engineer,375000,United States,Remote,United States,Medium,200K+
2023,Senior-level,Full-time,Data Engineer,101943,Ireland,Remote,Ireland,Medium,100K–150K
2023,Mid-level,Full-time,Product Data Analyst,16414,India,Remote,India,Large,<25K
2023,Senior-level,Full-time,Machine Learning Engineer,220000,United States,On-site,United States,Medium,200K+
2023,Executive-level,Full-time,Data Engineer,210000,United States,On-site,United States,Medium,200K+
2023,Senior-level,Full-time,Data Science Manager,231250,United States,Remote,United States,Medium,200K+
2023,Senior-level,Full-time,Data Science Manager,138750,United States,Remote,United States,Medium,100K–150K
2023,Senior-level,Full-time,Machine Learning Engineer,284310,United States,On-site,United States,Medium,200K+
2023,Senior-level,Full-time,Machine Learning Engineer,153090,United States,On-site,United States,Medium,150K–200K
2023,Mid-level,Full-time,Data Analyst,125000,United States,On-site,United States,Medium,100K–150K
2023,Mid-level,Full-time,Data Analyst,105000,United States,On-site,United States,Medium,100K–150K
2023,Mid-level,Full-time,Data Analyst,109371,United Kingdom,On-site,United Kingdom,Medium,100K–150K
2023,Mid-level,Full-time,Data Analyst,85066,United Kingdom,On-site,United Kingdom,Medium,50K–100K
2023,Entry-level,Full-time,Data Analyst,100000,United States,Hybrid,United States,Medium,50K–100K
2023,Senior-level,Full-time,Data Science Lead,225900,United States,On-site,United States,Medium,200K+
2023,Senior-level,Full-time,Data Science Lead,156400,United States,On-site,United States,Medium,150K–200K
2023,Senior-level,Full-time,Data Analyst,385000,United States,On-site,United States,Medium,200K+
2023,Senior-level,Full-time,Data Analyst,60000,United States,On-site,United States,Medium,50K–100K
2023,Mid-level,Full-time,Data Analyst,95000,United States,Remote,United States,Medium,50K–100K
2023,Senior-level,Full-time,Data Scientist,135000,United States,Remote,United States,Medium,100K–150K
2023,Senior-level,Full-time,Data Analyst,93919,United States,Remote,United States,Medium,50K–100K
2023,Senior-level,Full-time,Data Analyst,51962,United States,Remote,United States,Medium,50K–100K
2023,Senior-level,Full-time,Data Engineer,241871,United States,On-site,United States,Medium,200K+
2023,Senior-level,Full-time,Data Engineer,133832,United States,On-site,United States,Medium,100K–150K
2023,Senior-level,Full-time,Data Scientist,90000,United States,Remote,United States,Medium,50K–100K
2023,Senior-level,Full-time,Data Analyst,192500,United States,Remote,United States,Medium,150K–200K
2023,Mid-level,Full-time,Machine Learning Engineer,36000,Mexico,Remote,Mexico,Small,25K-50K
2023,Senior-level,Full-time,Research Scientist,370000,United States,On-site,United States,Medium,200K+
2023,Senior-level,Full-time,Data Scientist,235000,United States,Remote,United States,Medium,200K+
2023,Mid-level,Full-time,Machine Learning Engineer,121523,United Kingdom,On-site,United Kingdom,Medium,100K–150K
2023,Mid-level,Full-time,Machine Learning Engineer,97218,United Kingdom,On-site,United Kingdom,Medium,50K–100K
2023,Senior-level,Full-time,Data Scientist,216100,United States,On-site,United States,Medium,200K+
2023,Senior-level,Full-time,Data Scientist,140800,United States,On-site,United States,Medium,100K–150K
2023,Mid-level,Full-time,Machine Learning Engineer,145828,United Kingdom,On-site,United Kingdom,Medium,100K–150K
2023,Senior-level,Full-time,Computer Vision Software Engineer,53654,Netherlands,Remote,Canada,Large,50K–100K
2023,Entry-level,Full-time,Data Scientist,110000,United States,Hybrid,United States,Small,100K–150K
2023,Mid-level,Full-time,Data Engineer,66837,United Kingdom,Remote,United Kingdom,Medium,50K–100K
2023,Mid-level,Full-time,Data Engineer,63192,United Kingdom,Remote,United Kingdom,Medium,50K–100K
2023,Mid-level,Full-time,Data Analyst,60761,United Kingdom,On-site,United Kingdom,Medium,50K–100K
2023,Executive-level,Full-time,Data Engineer,284000,United States,Remote,United States,Medium,200K+
2023,Executive-level,Full-time,Data Engineer,236000,United States,Remote,United States,Medium,200K+
2023,Senior-level,Full-time,Research Scientist,248100,Canada,On-site,Canada,Medium,200K+
2023,Senior-level,Full-time,Research Scientist,145900,Canada,On-site,Canada,Medium,100K–150K
2023,Senior-level,Full-time,Research Engineer,155850,United States,On-site,United States,Medium,150K–200K
2023,Senior-level,Full-time,Research Engineer,102544,United States,On-site,United States,Medium,100K–150K
2023,Mid-level,Full-time,Data Scientist,151410,United States,Remote,United States,Medium,150K–200K
2023,Mid-level,Full-time,Data Scientist,115360,United States,Remote,United States,Medium,100K–150K
2023,Mid-level,Full-time,Data Engineer,66531,Spain,Remote,Spain,Medium,50K–100K
2023,Mid-level,Full-time,Data Engineer,59020,Spain,Remote,Spain,Medium,50K–100K
2023,Senior-level,Full-time,Director of Data Science,125686,Canada,Hybrid,Canada,Medium,100K–150K
2023,Senior-level,Full-time,Azure Data Engineer,100000,Netherlands,Hybrid,Netherlands,Large,50K–100K
2023,Entry-level,Full-time,Data Scientist,12767,India,Hybrid,India,Large,<25K
2023,Senior-level,Full-time,Data Scientist,185000,United Kingdom,On-site,United Kingdom,Medium,150K–200K
2023,Senior-level,Full-time,Data Scientist,120250,United Kingdom,On-site,United Kingdom,Medium,100K–150K
2023,Entry-level,Full-time,Data Engineer,26827,Germany,Remote,Germany,Large,25K-50K
2022,Entry-level,Full-time,Data Scientist,180000,United States,Remote,United States,Medium,150K–200K
2023,Mid-level,Full-time,Research Scientist,85000,United States,On-site,United States,Medium,50K–100K
2023,Mid-level,Full-time,Research Scientist,70000,United States,On-site,United States,Medium,50K–100K
2023,Senior-level,Full-time,BI Developer,135000,United States,Remote,United States,Medium,100K–150K
2023,Senior-level,Full-time,BI Developer,100000,United States,Remote,United States,Medium,50K–100K
2023,Executive-level,Full-time,Data Analytics Manager,155000,United States,On-site,United States,Medium,150K–200K
2023,Executive-level,Full-time,Data Analytics Manager,140000,United States,On-site,United States,Medium,100K–150K
2023,Senior-level,Full-time,Data Scientist,225000,United States,Remote,United States,Medium,200K+
2023,Senior-level,Full-time,ML Engineer,220000,United States,On-site,United States,Medium,200K+
2023,Senior-level,Full-time,ML Engineer,150000,United States,On-site,United States,Medium,100K–150K
2023,Senior-level,Full-time,Data Analytics Manager,204500,United States,On-site,United States,Medium,200K+
2023,Senior-level,Full-time,Data Analytics Manager,138900,United States,On-site,United States,Medium,100K–150K
2023,Senior-level,Full-time,Data Engineer,107000,United States,Remote,United States,Medium,100K–150K
2022,Mid-level,Full-time,Research Scientist,23000,India,Remote,India,Large,<25K
2023,Mid-level,Full-time,Machine Learning Engineer,110000,United States,Remote,United States,Large,100K–150K
2023,Senior-level,Full-time,Data Engineer,265000,United States,Remote,United States,Medium,200K+
2023,Senior-level,Full-time,Data Engineer,182750,United States,Remote,United States,Medium,150K–200K
2023,Senior-level,Full-time,Data Engineer,137500,United States,On-site,United States,Medium,100K–150K
2023,Executive-level,Full-time,Head of Data Science,314100,United States,On-site,United States,Medium,200K+
2023,Executive-level,Full-time,Head of Data Science,195800,United States,On-site,United States,Medium,150K–200K
2023,Senior-level,Full-time,Applied Scientist,205000,United States,On-site,United States,Medium,200K+
2023,Senior-level,Full-time,Applied Scientist,180000,United States,On-site,United States,Medium,150K–200K
2023,Senior-level,Full-time,Data Scientist,165000,United States,Remote,United States,Medium,150K–200K
2023,Senior-level,Full-time,Data Scientist,144000,United States,Remote,United States,Medium,100K–150K
2023,Entry-level,Full-time,BI Developer,160000,United States,On-site,United States,Medium,150K–200K
2023,Entry-level,Full-time,BI Developer,100000,United States,On-site,United States,Medium,50K–100K
2023,Executive-level,Full-time,Data Engineer,200000,United States,On-site,United States,Medium,150K–200K
2023,Mid-level,Full-time,Data Analyst,150000,United States,On-site,United States,Medium,100K–150K
2023,Senior-level,Full-time,Data Manager,199000,United States,On-site,United States,Medium,150K–200K
2023,Senior-level,Full-time,Data Manager,112000,United States,On-site,United States,Medium,100K–150K
2023,Entry-level,Full-time,Big Data Engineer,130000,Sweden,Remote,Sweden,Small,100K–150K
2023,Entry-level,Full-time,Data Engineer,160000,United States,On-site,United States,Medium,150K–200K
2023,Entry-level,Full-time,Data Engineer,135000,United States,On-site,United States,Medium,100K–150K
2023,Senior-level,Full-time,Data Scientist,183000,United States,On-site,United States,Medium,150K–200K
2023,Senior-level,Full-time,Data Scientist,134000,United States,On-site,United States,Medium,100K–150K
2023,Senior-level,Full-time,Applied Scientist,350000,United States,On-site,United States,Large,200K+
2023,Senior-level,Full-time,Applied Scientist,262500,United States,On-site,United States,Large,200K+
2023,Senior-level,Full-time,Data Analyst,122000,United States,On-site,United States,Medium,100K–150K
2023,Senior-level,Full-time,Data Analyst,94000,United States,On-site,United States,Medium,50K–100K
2023,Senior-level,Full-time,Machine Learning Engineer,276000,United States,On-site,United States,Medium,200K+
2023,Senior-level,Full-time,Machine Learning Engineer,184000,United States,On-site,United States,Medium,150K–200K
2023,Mid-level,Full-time,Machine Learning Engineer,180000,United States,Remote,United States,Medium,150K–200K
2023,Mid-level,Full-time,Machine Learning Engineer,150000,United States,Remote,United States,Medium,100K–150K
2023,Senior-level,Full-time,Data Scientist,209450,United States,Remote,United States,Medium,200K+
2023,Senior-level,Full-time,Data Scientist,158677,United States,Remote,United States,Medium,150K–200K
2023,Mid-level,Full-time,Data Analyst,103200,United States,On-site,United States,Medium,100K–150K
2023,Mid-level,Full-time,Data Analyst,61200,United States,On-site,United States,Medium,50K–100K
2022,Mid-level,Full-time,Data Scientist,155000,United States,Remote,United States,Large,150K–200K
2021,Entry-level,Full-time,Marketing Data Engineer,66970,Singapore,Hybrid,Singapore,Large,50K–100K
2023,Senior-level,Full-time,Data Scientist,63312,CY,Hybrid,Estonia,Large,50K–100K
2023,Senior-level,Full-time,Data Scientist,240000,United States,Remote,United States,Medium,200K+
2023,Senior-level,Full-time,Data Scientist,139000,United States,Remote,United States,Medium,100K–150K
2023,Senior-level,Full-time,Data Architect,174500,United States,On-site,United States,Medium,150K–200K
2023,Senior-level,Full-time,Data Architect,113000,United States,On-site,United States,Medium,100K–150K
2023,Senior-level,Full-time,Data Analyst,87000,United States,Remote,United States,Medium,50K–100K
2023,Senior-level,Full-time,Data Analyst,160000,United States,Remote,United States,Medium,150K–200K
2023,Senior-level,Full-time,Data Analyst,108000,United States,Remote,United States,Medium,100K–150K
2023,Senior-level,Full-time,Data Engineer,107250,United States,Remote,United States,Medium,100K–150K
2023,Senior-level,Full-time,Data Engineer,300000,United States,On-site,United States,Medium,200K+
2023,Senior-level,Full-time,Data Engineer,119000,United States,On-site,United States,Medium,100K–150K
2023,Senior-level,Full-time,Data Scientist,285800,United States,Remote,United States,Medium,200K+
2023,Senior-level,Full-time,Data Scientist,154600,United States,Remote,United States,Medium,150K–200K
2023,Mid-level,Full-time,Head of Data Science,60795,India,Hybrid,India,Large,50K–100K
2023,Entry-level,Full-time,Data Analyst,30000,Argentina,Remote,United States,Small,25K-50K
2023,Mid-level,Full-time,Data Science Manager,220000,United States,On-site,United States,Medium,200K+
2023,Mid-level,Full-time,Data Science Manager,195000,United States,On-site,United States,Medium,150K–200K
2023,Senior-level,Full-time,Data Manager,168400,United States,On-site,United States,Medium,150K–200K
2023,Senior-level,Full-time,Analytics Engineer,200000,United States,Remote,United States,Medium,150K–200K
2023,Senior-level,Full-time,Analytics Engineer,175000,United States,Remote,United States,Medium,150K–200K
2023,Senior-level,Full-time,Analytics Engineer,231250,United States,Remote,United States,Medium,200K+
2023,Senior-level,Full-time,Analytics Engineer,138750,United States,Remote,United States,Medium,100K–150K
2023,Senior-level,Full-time,Data Engineer,153000,Canada,Remote,Canada,Medium,150K–200K
2023,Senior-level,Full-time,Data Engineer,94000,Canada,Remote,Canada,Medium,50K–100K
2023,Senior-level,Full-time,Data Engineer,90000,United States,Remote,United States,Medium,50K–100K
2023,Entry-level,Full-time,Data Scientist,124234,United States,On-site,United States,Medium,100K–150K
2023,Entry-level,Full-time,Data Scientist,74540,United States,On-site,United States,Medium,50K–100K
2023,Mid-level,Full-time,Data Analyst,109000,United States,On-site,United States,Medium,100K–150K
2023,Mid-level,Full-time,Data Analyst,79000,United States,On-site,United States,Medium,50K–100K
2022,Senior-level,Full-time,Machine Learning Engineer,84053,France,Hybrid,France,Large,50K–100K
2023,Mid-level,Full-time,Machine Learning Engineer,50000,Armenia,On-site,Armenia,Small,25K-50K
2023,Senior-level,Full-time,Data Analyst,125600,United States,Remote,United States,Medium,100K–150K
2023,Senior-level,Full-time,Data Analyst,141290,United States,On-site,United States,Medium,100K–150K
2023,Senior-level,Full-time,Data Analyst,74178,United States,On-site,United States,Medium,50K–100K
2023,Senior-level,Full-time,Data Engineer,85000,United States,Remote,United States,Medium,50K–100K
2023,Senior-level,Full-time,Data Engineer,220000,United States,On-site,United States,Medium,200K+
2023,Senior-level,Full-time,Data Engineer,205600,United States,Remote,United States,Medium,200K+
2023,Senior-level,Full-time,Data Engineer,107500,United States,Remote,United States,Medium,100K–150K
2023,Entry-level,Full-time,Data Scientist,12888,India,Hybrid,India,Small,<25K
2023,Mid-level,Full-time,Data Analyst,52500,United States,On-site,United States,Medium,50K–100K
2023,Senior-level,Full-time,Data Scientist,84000,United States,Remote,United States,Medium,50K–100K
2023,Senior-level,Full-time,BI Analyst,125000,United States,On-site,United States,Medium,100K–150K
2023,Senior-level,Full-time,BI Analyst,110000,United States,On-site,United States,Medium,100K–150K
2023,Senior-level,Full-time,ML Engineer,200000,United States,On-site,United States,Medium,150K–200K
2023,Senior-level,Full-time,ML Engineer,135000,United States,On-site,United States,Medium,100K–150K
2022,Entry-level,Full-time,Business Data Analyst,48000,United States,Hybrid,United States,Large,25K-50K
2023,Entry-level,Full-time,AI Developer,120000,Bosnia and Herzegovina,Hybrid,Bosnia and Herzegovina,Small,100K–150K
2023,Senior-level,Full-time,Data Engineer,170000,United States,Remote,United States,Medium,150K–200K
2023,Mid-level,Full-time,Data Engineer,150000,United States,On-site,United States,Medium,100K–150K
2023,Senior-level,Full-time,Computer Vision Engineer,200000,United States,Remote,United States,Small,150K–200K
2023,Mid-level,Full-time,Applied Data Scientist,80000,Kenya,Remote,Kenya,Small,50K–100K
2023,Entry-level,Full-time,Business Data Analyst,12877,Greece,Hybrid,Greece,Large,<25K
2022,Entry-level,Full-time,AI Developer,6304,North Macedonia,On-site,North Macedonia,Small,<25K
2023,Mid-level,Full-time,Data Analytics Lead,17509,India,Hybrid,Singapore,Medium,<25K
2023,Senior-level,Full-time,Data Scientist,257000,United States,On-site,United States,Medium,200K+
2023,Senior-level,Full-time,Data Scientist,77262,Latvia,On-site,Latvia,Medium,50K–100K
2023,Senior-level,Full-time,Data Scientist,38631,Latvia,On-site,Latvia,Medium,25K-50K
2023,Senior-level,Full-time,BI Developer,140000,United States,Remote,United States,Medium,100K–150K
2023,Senior-level,Full-time,BI Developer,110000,United States,Remote,United States,Medium,100K–150K
2023,Senior-level,Full-time,Research Scientist,151800,United States,On-site,United States,Medium,150K–200K
2023,Mid-level,Full-time,Data Scientist,53654,Romania,Hybrid,Romania,Large,50K–100K
2023,Senior-level,Full-time,Data Analyst,51508,Spain,On-site,Spain,Medium,50K–100K
2023,Senior-level,Full-time,Data Analyst,40777,Spain,On-site,Spain,Medium,25K-50K
2023,Mid-level,Full-time,Data Engineer,95000,United States,Remote,United States,Medium,50K–100K
2023,Senior-level,Full-time,Data Scientist,130000,United States,Remote,United States,Medium,100K–150K
2023,Mid-level,Full-time,Data Analyst,120000,United States,Remote,United States,Medium,100K–150K
2023,Mid-level,Full-time,Data Analyst,100000,United States,Remote,United States,Medium,50K–100K
2023,Mid-level,Full-time,Data Scientist,183310,United States,On-site,United States,Medium,150K–200K
2023,Senior-level,Full-time,Data Analyst,102500,United States,Remote,United States,Medium,100K–150K
2023,Senior-level,Full-time,Data Scientist,185000,United States,On-site,United States,Medium,150K–200K
2023,Senior-level,Full-time,Data Science Consultant,122000,United States,On-site,United States,Medium,100K–150K
2023,Senior-level,Full-time,Data Science Consultant,94000,United States,On-site,United States,Medium,50K–100K
2023,Senior-level,Full-time,Data Scientist,220000,United States,On-site,United States,Medium,200K+
2023,Senior-level,Full-time,Data Scientist,146000,United States,On-site,United States,Medium,100K–150K
2023,Mid-level,Full-time,Data Scientist,24740,Thailand,Hybrid,Thailand,Large,<25K
2022,Mid-level,Full-time,Computer Vision Engineer,15897,India,Remote,India,Medium,<25K
2023,Senior-level,Full-time,Data Science Consultant,145000,United States,On-site,United States,Medium,100K–150K
2023,Senior-level,Full-time,Data Science Consultant,128000,United States,On-site,United States,Medium,100K–150K
2023,Senior-level,Full-time,Data Scientist,182000,United States,On-site,United States,Medium,150K–200K
2023,Senior-level,Full-time,Data Engineer,122000,United States,On-site,United States,Medium,100K–150K
2023,Senior-level,Full-time,Data Engineer,94000,United States,On-site,United States,Medium,50K–100K
2023,Senior-level,Full-time,Machine Learning Engineer,77262,Latvia,On-site,Latvia,Medium,50K–100K
2023,Senior-level,Full-time,Machine Learning Engineer,38631,Latvia,On-site,Latvia,Medium,25K-50K
2023,Executive-level,Full-time,Data Scientist,300000,United States,On-site,United States,Medium,200K+
2023,Mid-level,Full-time,Data Analyst,135000,United States,On-site,United States,Medium,100K–150K
2023,Mid-level,Full-time,Data Analyst,105500,United States,On-site,United States,Medium,100K–150K
2022,Mid-level,Full-time,Data Scientist,110000,United States,Remote,United States,Large,100K–150K
2023,Senior-level,Full-time,Data Scientist,168000,United States,Remote,United States,Medium,150K–200K
2023,Mid-level,Full-time,Data Analyst,78990,United Kingdom,On-site,United Kingdom,Medium,50K–100K
2023,Mid-level,Full-time,Data Analyst,43809,United Kingdom,On-site,United Kingdom,Medium,25K-50K
2023,Senior-level,Full-time,Data Scientist,153400,United States,On-site,United States,Medium,150K–200K
2023,Senior-level,Full-time,Data Scientist,122700,United States,On-site,United States,Medium,100K–150K
2023,Senior-level,Full-time,Data Scientist,205000,United States,Remote,United States,Medium,200K+
2023,Mid-level,Full-time,Machine Learning Engineer,145000,United States,On-site,United States,Medium,100K–150K
2023,Mid-level,Full-time,Machine Learning Engineer,87000,United States,On-site,United States,Medium,50K–100K
2023,Entry-level,Full-time,Data Scientist,50000,India,Remote,United States,Medium,25K-50K
2023,Senior-level,Full-time,ML Engineer,234100,United States,Remote,United States,Medium,200K+
2023,Senior-level,Full-time,ML Engineer,203500,United States,Remote,United States,Medium,200K+
2023,Senior-level,Full-time,Data Scientist,223800,United States,On-site,United States,Medium,200K+
2023,Senior-level,Full-time,Data Scientist,172100,United States,On-site,United States,Medium,150K–200K
2023,Senior-level,Full-time,Data Engineer,232200,United States,Remote,United States,Medium,200K+
2023,Senior-level,Full-time,Data Engineer,167200,United States,Remote,United States,Medium,150K–200K
2023,Senior-level,Full-time,BI Developer,197000,United States,On-site,United States,Medium,150K–200K
2023,Senior-level,Full-time,BI Developer,106000,United States,On-site,United States,Medium,100K–150K
2023,Senior-level,Full-time,Research Scientist,180000,United States,On-site,United States,Medium,150K–200K
2023,Senior-level,Full-time,Research Scientist,145000,United States,On-site,United States,Medium,100K–150K
2023,Senior-level,Full-time,Data Lead,225000,United States,On-site,United States,Medium,200K+
2023,Senior-level,Full-time,Data Lead,200000,United States,On-site,United States,Medium,150K–200K
2023,Senior-level,Full-time,Data Engineer,114000,United States,Remote,United States,Medium,100K–150K
2023,Senior-level,Full-time,Data Engineer,291500,United States,On-site,United States,Medium,200K+
2023,Executive-level,Full-time,Data Engineer,196200,United States,On-site,United States,Medium,150K–200K
2023,Executive-level,Full-time,Data Engineer,150900,United States,On-site,United States,Medium,150K–200K
2023,Senior-level,Full-time,Data Scientist,168400,United States,On-site,United States,Medium,150K–200K
2023,Senior-level,Full-time,Data Scientist,105200,United States,On-site,United States,Medium,100K–150K
2023,Mid-level,Full-time,Data Engineer,95000,Spain,Remote,Spain,Medium,50K–100K
2023,Mid-level,Full-time,Data Engineer,80000,Spain,Remote,Spain,Medium,50K–100K
2023,Mid-level,Full-time,Data Analyst,116000,United States,On-site,United States,Medium,100K–150K
2023,Mid-level,Full-time,Data Analyst,72000,United States,On-site,United States,Medium,50K–100K
2023,Senior-level,Full-time,Analytics Engineer,207000,United States,On-site,United States,Medium,200K+
2023,Senior-level,Full-time,Analytics Engineer,167000,United States,On-site,United States,Medium,150K–200K
2023,Senior-level,Full-time,Machine Learning Engineer,145000,United States,On-site,United States,Medium,100K–150K
2023,Senior-level,Full-time,Machine Learning Engineer,135000,United States,On-site,United States,Medium,100K–150K
2023,Mid-level,Full-time,Data Engineer,105000,United States,On-site,United States,Medium,100K–150K
2023,Mid-level,Full-time,Data Engineer,70000,United States,On-site,United States,Medium,50K–100K
2023,Senior-level,Full-time,Data Engineer,133800,United States,Remote,United States,Medium,100K–150K
2023,Senior-level,Full-time,Data Engineer,96100,United States,Remote,United States,Medium,50K–100K
2023,Mid-level,Full-time,Data Analyst,120000,United States,On-site,United States,Medium,100K–150K
2023,Senior-level,Full-time,Data Science Engineer,140000,United States,On-site,United States,Medium,100K–150K
2023,Senior-level,Full-time,Data Science Engineer,100000,United States,On-site,United States,Medium,50K–100K
2023,Senior-level,Full-time,Research Scientist,120000,United States,On-site,United States,Medium,100K–150K
2023,Senior-level,Full-time,Cloud Database Engineer,140000,United States,Remote,United States,Medium,100K–150K
2023,Senior-level,Full-time,Cloud Database Engineer,115000,United States,Remote,United States,Medium,100K–150K
2023,Senior-level,Full-time,Data Science Manager,297300,United States,Remote,United States,Medium,200K+
2023,Senior-level,Full-time,Data Science Manager,198200,United States,Remote,United States,Medium,150K–200K
2023,Mid-level,Full-time,Machine Learning Engineer,219000,United States,Hybrid,United States,Large,200K+
2023,Senior-level,Full-time,Applied Scientist,230000,United States,Remote,United States,Medium,200K+
2023,Senior-level,Full-time,Applied Scientist,196000,United States,Remote,United States,Medium,150K–200K
2023,Senior-level,Full-time,Data Engineer,110000,United States,On-site,United States,Medium,100K–150K
2023,Senior-level,Full-time,Applied Scientist,126100,United States,On-site,United States,Large,100K–150K
2023,Senior-level,Full-time,Applied Scientist,72000,United States,On-site,United States,Large,50K–100K
2023,Mid-level,Full-time,Machine Learning Engineer,175000,United States,Remote,United States,Medium,150K–200K
2023,Mid-level,Full-time,Machine Learning Engineer,140000,United States,Remote,United States,Medium,100K–150K
2023,Senior-level,Full-time,Data Analyst,240500,United States,On-site,United States,Medium,200K+
2023,Senior-level,Full-time,Data Analyst,137500,United States,On-site,United States,Medium,100K–150K
2023,Mid-level,Full-time,Data Scientist,187500,United States,On-site,United States,Medium,150K–200K
2023,Mid-level,Full-time,Data Scientist,165000,United States,On-site,United States,Medium,150K–200K
2023,Mid-level,Full-time,Machine Learning Research Engineer,72914,United Kingdom,On-site,United Kingdom,Large,50K–100K
2022,Entry-level,Part-time,Data Analyst,25216,Spain,Remote,United States,Large,25K-50K
2023,Senior-level,Full-time,Research Scientist,165750,United States,On-site,United States,Medium,150K–200K
2023,Senior-level,Full-time,Machine Learning Scientist,225000,United States,Remote,United States,Medium,200K+
2023,Senior-level,Full-time,Machine Learning Scientist,165750,United States,Remote,United States,Medium,150K–200K
2023,Mid-level,Full-time,Machine Learning Engineer,109006,United Kingdom,On-site,United Kingdom,Medium,100K–150K
2023,Mid-level,Full-time,Machine Learning Engineer,67141,United Kingdom,On-site,United Kingdom,Medium,50K–100K
2023,Senior-level,Full-time,Data Scientist,115000,United States,Remote,United States,Medium,100K–150K
2023,Senior-level,Full-time,NLP Engineer,275000,United States,On-site,United States,Medium,200K+
2023,Senior-level,Full-time,NLP Engineer,175000,United States,On-site,United States,Medium,150K–200K
2023,Senior-level,Full-time,Data Engineer,175308,United States,On-site,United States,Medium,150K–200K
2023,Senior-level,Full-time,Data Engineer,100706,United States,On-site,United States,Medium,100K–150K
2023,Senior-level,Full-time,NLP Engineer,235000,United States,On-site,United States,Medium,200K+
2023,Senior-level,Full-time,NLP Engineer,135000,United States,On-site,United States,Medium,100K–150K
2023,Senior-level,Full-time,Data Engineer,310000,United States,On-site,United States,Medium,200K+
2023,Senior-level,Full-time,Data Engineer,229000,United States,On-site,United States,Medium,200K+
2023,Senior-level,Full-time,ML Engineer,289076,United States,On-site,United States,Medium,200K+
2023,Senior-level,Full-time,ML Engineer,202353,United States,On-site,United States,Medium,200K+
2023,Senior-level,Full-time,Data Engineer,69751,Portugal,On-site,Portugal,Medium,50K–100K
2023,Senior-level,Full-time,Data Engineer,37558,Portugal,On-site,Portugal,Medium,25K-50K
2023,Mid-level,Full-time,Research Engineer,120000,United States,Remote,United States,Medium,100K–150K
2023,Mid-level,Full-time,Research Engineer,100000,United States,Remote,United States,Medium,50K–100K
2021,Senior-level,Full-time,Data Scientist,54094,India,Remote,India,Large,50K–100K
2022,Mid-level,Full-time,Business Data Analyst,18314,India,Hybrid,India,Large,<25K
2023,Senior-level,Full-time,Data Engineer,231250,United States,Remote,United States,Medium,200K+
2023,Senior-level,Full-time,Data Engineer,138750,United States,Remote,United States,Medium,100K–150K
2023,Senior-level,Full-time,Data Engineer,199000,United States,On-site,United States,Medium,150K–200K
2023,Senior-level,Full-time,Data Engineer,162000,United States,On-site,United States,Medium,150K–200K
2022,Entry-level,Full-time,Data Scientist,100000,United States,Remote,United States,Medium,50K–100K
2023,Entry-level,Full-time,Deep Learning Engineer,150000,United States,On-site,United States,Medium,100K–150K
2023,Entry-level,Full-time,Deep Learning Engineer,120000,United States,On-site,United States,Medium,100K–150K
2023,Senior-level,Full-time,Research Engineer,150000,United States,On-site,United States,Medium,100K–150K
2023,Senior-level,Full-time,Research Engineer,100000,United States,On-site,United States,Medium,50K–100K
2022,Senior-level,Full-time,Data Analytics Manager,133000,Netherlands,On-site,Netherlands,Large,100K–150K
2023,Senior-level,Full-time,Data Scientist,272550,United States,On-site,United States,Medium,200K+
2023,Senior-level,Full-time,Data Scientist,198200,United States,On-site,United States,Medium,150K–200K
2023,Mid-level,Full-time,Data Scientist,105000,United States,On-site,United States,Medium,100K–150K
2023,Senior-level,Full-time,Data Engineer,187500,United States,Remote,United States,Medium,150K–200K
2023,Senior-level,Full-time,Data Analyst,155000,United States,Remote,United States,Medium,150K–200K
2023,Senior-level,Full-time,Data Analyst,64000,United States,Remote,United States,Medium,50K–100K
2023,Senior-level,Full-time,Computer Vision Engineer,235000,United States,On-site,United States,Medium,200K+
2023,Senior-level,Full-time,Computer Vision Engineer,185000,United States,On-site,United States,Medium,150K–200K
2023,Senior-level,Full-time,Data Scientist,143100,Canada,On-site,Canada,Medium,100K–150K
2023,Senior-level,Full-time,Data Scientist,113000,Canada,On-site,Canada,Medium,100K–150K
2023,Senior-level,Full-time,Applied Scientist,142000,United States,Remote,United States,Medium,100K–150K
2023,Senior-level,Full-time,Data Scientist,180560,United States,On-site,United States,Medium,150K–200K
2023,Senior-level,Full-time,Data Scientist,115440,United States,On-site,United States,Medium,100K–150K
2023,Senior-level,Full-time,Research Scientist,248100,United States,On-site,United States,Medium,200K+
2023,Senior-level,Full-time,Research Scientist,145900,United States,On-site,United States,Medium,100K–150K
2023,Senior-level,Full-time,Data Scientist,120000,Canada,On-site,Canada,Medium,100K–150K
2023,Senior-level,Full-time,Data Scientist,110000,Canada,On-site,Canada,Medium,100K–150K
2023,Mid-level,Full-time,Machine Learning Engineer,75344,United Kingdom,Remote,United Kingdom,Medium,50K–100K
2023,Mid-level,Full-time,Machine Learning Engineer,63192,United Kingdom,Remote,United Kingdom,Medium,50K–100K
2023,Senior-level,Full-time,Data Engineer,161800,United States,On-site,United States,Medium,150K–200K
2023,Senior-level,Full-time,Data Engineer,141600,United States,On-site,United States,Medium,100K–150K
2023,Mid-level,Full-time,Machine Learning Engineer,58331,United Kingdom,Remote,United Kingdom,Medium,50K–100K
2023,Mid-level,Full-time,Machine Learning Engineer,46178,United Kingdom,Remote,United Kingdom,Medium,25K-50K
2023,Senior-level,Full-time,Data Engineer,128000,United States,Remote,United States,Medium,100K–150K
2023,Senior-level,Full-time,Data Architect,110000,United States,Remote,United States,Medium,100K–150K
2023,Senior-level,Full-time,Data Engineer,236000,United States,Remote,United States,Medium,200K+
2023,Senior-level,Full-time,Data Engineer,182000,United States,Remote,United States,Medium,150K–200K
2022,Mid-level,Full-time,Data Analyst,14307,India,Remote,India,Large,<25K
2022,Entry-level,Full-time,Data Scientist,130000,United States,On-site,United States,Medium,100K–150K
2023,Senior-level,Full-time,Machine Learning Engineer,261500,United States,On-site,United States,Large,200K+
2023,Senior-level,Full-time,Machine Learning Engineer,134500,United States,On-site,United States,Large,100K–150K
2022,Mid-level,Full-time,Data Scientist,13989,India,Remote,India,Large,<25K
2023,Mid-level,Full-time,Data Scientist,130000,United States,On-site,United States,Medium,100K–150K
2023,Mid-level,Full-time,Data Scientist,90000,United States,On-site,United States,Medium,50K–100K
2022,Senior-level,Full-time,Manager Data Management,125000,United States,Remote,United States,Large,100K–150K
2022,Senior-level,Full-time,Data Engineer,175000,United States,On-site,United States,Medium,150K–200K
2022,Senior-level,Full-time,Data Engineer,155000,United States,On-site,United States,Medium,150K–200K
2022,Senior-level,Full-time,Data Engineer,153600,United States,On-site,United States,Medium,150K–200K
2022,Senior-level,Full-time,Data Engineer,106800,United States,On-site,United States,Medium,100K–150K
2022,Senior-level,Full-time,Data Scientist,150000,United States,On-site,United States,Medium,100K–150K
2022,Senior-level,Full-time,Data Scientist,140000,United States,On-site,United States,Medium,100K–150K
2022,Senior-level,Full-time,Data Science Consultant,122000,United States,On-site,United States,Medium,100K–150K
2022,Senior-level,Full-time,Data Science Consultant,94500,United States,On-site,United States,Medium,50K–100K
2022,Senior-level,Full-time,Data Engineer,170000,United States,On-site,United States,Medium,150K–200K
2022,Senior-level,Full-time,Data Engineer,130000,United States,On-site,United States,Medium,100K–150K
2022,Senior-level,Full-time,Data Science Consultant,145000,United States,On-site,United States,Medium,100K–150K
2022,Senior-level,Full-time,Data Science Consultant,128000,United States,On-site,United States,Medium,100K–150K
2022,Senior-level,Full-time,Data Engineer,145000,United States,On-site,United States,Medium,100K–150K
2022,Senior-level,Full-time,Data Engineer,100000,United States,On-site,United States,Medium,50K–100K
2022,Senior-level,Full-time,Data Engineer,120000,United States,On-site,United States,Medium,100K–150K
2022,Senior-level,Full-time,Data Engineer,115000,United States,On-site,United States,Medium,100K–150K
2022,Senior-level,Full-time,Applied Machine Learning Scientist,150000,United States,Remote,United States,Medium,100K–150K
2022,Mid-level,Full-time,Data Analyst,150000,United States,On-site,United States,Medium,100K–150K
2022,Mid-level,Full-time,Data Analyst,100000,United States,On-site,United States,Medium,50K–100K
2022,Mid-level,Full-time,Data Scientist,150000,United States,Remote,United States,Medium,100K–150K
2022,Mid-level,Full-time,Data Scientist,127500,United States,Remote,United States,Medium,100K–150K
2022,Senior-level,Full-time,Data Scientist,126500,United States,Remote,United States,Medium,100K–150K
2022,Senior-level,Full-time,Data Scientist,51000,United States,Remote,United States,Medium,50K–100K
2022,Mid-level,Full-time,Data Engineer,260000,United States,On-site,United States,Medium,200K+
2022,Mid-level,Full-time,Data Engineer,175000,United States,On-site,United States,Medium,150K–200K
2022,Entry-level,Full-time,Applied Data Scientist,40000,Australia,Remote,Pakistan,Medium,25K-50K
2022,Entry-level,Full-time,AI Programmer,40000,Pakistan,Remote,Australia,Medium,25K-50K
2022,Senior-level,Full-time,Data Engineer,250000,United States,Remote,United States,Medium,200K+
2022,Senior-level,Full-time,Data Engineer,63000,United States,Remote,United States,Medium,50K–100K
2022,Senior-level,Full-time,Machine Learning Engineer,210000,United States,Remote,United States,Medium,200K+
2022,Senior-level,Full-time,Machine Learning Engineer,160000,United States,Remote,United States,Medium,150K–200K
2022,Senior-level,Full-time,Data Scientist,272550,United States,Remote,United States,Medium,200K+
2022,Senior-level,Full-time,Data Scientist,198200,United States,Remote,United States,Medium,150K–200K
2022,Mid-level,Full-time,Data Scientist,94560,France,Remote,France,Medium,50K–100K
2022,Mid-level,Full-time,Data Scientist,52533,France,Remote,France,Medium,50K–100K
2022,Senior-level,Full-time,Data Scientist,220000,United States,On-site,United States,Medium,200K+
2022,Senior-level,Full-time,Data Scientist,146000,United States,On-site,United States,Medium,100K–150K
2022,Senior-level,Full-time,Machine Learning Software Engineer,248400,Canada,Remote,Canada,Medium,200K+
2022,Senior-level,Full-time,Machine Learning Software Engineer,183600,Canada,Remote,Canada,Medium,150K–200K
2022,Mid-level,Full-time,Data Engineer,150000,United States,Remote,United States,Medium,100K–150K
2022,Entry-level,Full-time,Machine Learning Developer,40000,Pakistan,Remote,Australia,Medium,25K-50K
2022,Senior-level,Full-time,Lead Data Scientist,56723,India,On-site,India,Large,50K–100K
2022,Mid-level,Full-time,Data Engineer,120000,United States,On-site,United States,Medium,100K–150K
2022,Mid-level,Full-time,Data Engineer,95000,United States,On-site,United States,Medium,50K–100K
2022,Entry-level,Full-time,Data Engineer,160000,United States,On-site,United States,Medium,150K–200K
2022,Entry-level,Full-time,Data Engineer,135000,United States,On-site,United States,Medium,100K–150K
2022,Entry-level,Full-time,Data Science Consultant,24165,Italy,Hybrid,Italy,Medium,<25K
2022,Senior-level,Full-time,Data Engineer,216000,United States,Remote,United States,Medium,200K+
2022,Senior-level,Full-time,Data Engineer,144000,United States,Remote,United States,Medium,100K–150K
2022,Entry-level,Full-time,Data Engineer,85000,United States,On-site,United States,Medium,50K–100K
2022,Entry-level,Full-time,Data Engineer,65000,United States,On-site,United States,Medium,50K–100K
2022,Senior-level,Full-time,Data Analyst,149000,United States,Remote,United States,Medium,100K–150K
2022,Senior-level,Full-time,Data Analyst,119000,United States,Remote,United States,Medium,100K–150K
2022,Senior-level,Full-time,Data Scientist,120000,United States,On-site,United States,Medium,100K–150K
2022,Mid-level,Full-time,Data Scientist,150000,United States,On-site,United States,Medium,100K–150K
2022,Mid-level,Full-time,Data Scientist,110000,United States,On-site,United States,Medium,100K–150K
2022,Senior-level,Full-time,Machine Learning Engineer,246000,United States,Remote,United States,Medium,200K+
2022,Senior-level,Full-time,Machine Learning Engineer,201000,United States,Remote,United States,Medium,200K+
2022,Senior-level,Full-time,Data Scientist,190000,United States,On-site,United States,Medium,150K–200K
2022,Senior-level,Full-time,Data Scientist,155000,United States,On-site,United States,Medium,150K–200K
2022,Senior-level,Full-time,ML Engineer,235000,United States,Remote,United States,Medium,200K+
2022,Senior-level,Full-time,ML Engineer,185000,United States,Remote,United States,Medium,150K–200K
2022,Senior-level,Full-time,Cloud Database Engineer,190000,United States,Remote,United States,Medium,150K–200K
2022,Senior-level,Full-time,Cloud Database Engineer,160000,United States,Remote,United States,Medium,150K–200K
2022,Entry-level,Full-time,Product Data Analyst,100000,United States,Remote,United States,Medium,50K–100K
2022,Mid-level,Full-time,Data Engineer,130000,United States,On-site,United States,Medium,100K–150K
2022,Mid-level,Full-time,Data Engineer,115000,United States,On-site,United States,Medium,100K–150K
2022,Mid-level,Full-time,Data Scientist,92350,United Kingdom,On-site,United Kingdom,Medium,50K–100K
2022,Mid-level,Full-time,Data Scientist,67723,United Kingdom,On-site,United Kingdom,Medium,50K–100K
2022,Mid-level,Full-time,Data Engineer,105000,United States,On-site,United States,Medium,100K–150K
2022,Mid-level,Full-time,Data Engineer,70000,United States,On-site,United States,Medium,50K–100K
2022,Senior-level,Full-time,Machine Learning Engineer,204500,United States,On-site,United States,Medium,200K+
2022,Senior-level,Full-time,Machine Learning Engineer,142200,United States,On-site,United States,Medium,100K–150K
2022,Senior-level,Full-time,Machine Learning Engineer,192000,United States,Remote,United States,Medium,150K–200K
2022,Senior-level,Full-time,Machine Learning Engineer,164000,United States,Remote,United States,Medium,150K–200K
2022,Senior-level,Full-time,Data Engineer,185900,United States,On-site,United States,Medium,150K–200K
2022,Senior-level,Full-time,Data Engineer,129300,United States,On-site,United States,Medium,100K–150K
2022,Senior-level,Full-time,Data Engineer,75000,United States,On-site,United States,Medium,50K–100K
2022,Senior-level,Full-time,Data Science Manager,175000,United States,On-site,United States,Medium,150K–200K
2022,Senior-level,Full-time,Data Science Manager,120000,United States,On-site,United States,Medium,100K–150K
2022,Senior-level,Full-time,Data Engineer,167500,United States,On-site,United States,Medium,150K–200K
2022,Senior-level,Full-time,Data Engineer,106500,United States,On-site,United States,Medium,100K–150K
2022,Mid-level,Full-time,Data Analyst,75000,United States,Remote,United States,Medium,50K–100K
2022,Mid-level,Full-time,Data Analyst,60000,United States,Remote,United States,Medium,50K–100K
2022,Senior-level,Full-time,Applied Scientist,184000,United States,Remote,United States,Medium,150K–200K
2022,Senior-level,Full-time,Applied Scientist,142000,United States,Remote,United States,Medium,100K–150K
2022,Mid-level,Full-time,Data Scientist,145000,United States,On-site,United States,Medium,100K–150K
2022,Mid-level,Full-time,Data Scientist,100000,United States,On-site,United States,Medium,50K–100K
2022,Entry-level,Full-time,Machine Learning Software Engineer,10000,Morocco,Hybrid,Morocco,Small,<25K
2022,Mid-level,Full-time,Data Scientist,31795,India,Remote,United States,Medium,25K-50K
2022,Mid-level,Full-time,NLP Engineer,44365,Poland,Remote,Poland,Small,25K-50K
2022,Executive-level,Full-time,Data Engineer,200000,United States,On-site,United States,Medium,150K–200K
2022,Executive-level,Full-time,Data Engineer,145000,United States,On-site,United States,Medium,100K–150K
2022,Mid-level,Full-time,Data Engineer,92350,United Kingdom,Remote,United Kingdom,Medium,50K–100K
2022,Mid-level,Full-time,Data Engineer,73880,United Kingdom,Remote,United Kingdom,Medium,50K–100K
2022,Senior-level,Full-time,Applied Scientist,192000,United States,Remote,United States,Medium,150K–200K
2022,Senior-level,Full-time,Applied Scientist,164000,United States,Remote,United States,Medium,150K–200K
2022,Executive-level,Full-time,Data Engineer,310000,United States,Remote,United States,Medium,200K+
2022,Executive-level,Full-time,Data Engineer,239000,United States,Remote,United States,Medium,200K+
2022,Senior-level,Full-time,Data Analyst,120000,United States,On-site,United States,Medium,100K–150K
2022,Senior-level,Full-time,Data Analyst,95000,United States,On-site,United States,Medium,50K–100K
2022,Senior-level,Full-time,Machine Learning Engineer,145000,United States,On-site,United States,Medium,100K–150K
2022,Senior-level,Full-time,Machine Learning Engineer,135000,United States,On-site,United States,Medium,100K–150K
2022,Senior-level,Full-time,Data Engineer,78000,United States,On-site,United States,Medium,50K–100K
2022,Senior-level,Full-time,Data Engineer,73546,Spain,On-site,Spain,Medium,50K–100K
2022,Senior-level,Full-time,Data Engineer,36773,Spain,On-site,Spain,Medium,25K-50K
2022,Mid-level,Full-time,Data Engineer,160000,United States,Remote,United States,Medium,150K–200K
2022,Mid-level,Full-time,Data Engineer,120000,United States,Remote,United States,Medium,100K–150K
2022,Mid-level,Full-time,Data Engineer,35610,India,Hybrid,India,Large,25K-50K
2022,Senior-level,Full-time,AI Scientist,125000,Colombia,Remote,Colombia,Large,100K–150K
2022,Senior-level,Full-time,Data Engineer,95000,United States,On-site,United States,Medium,50K–100K
2022,Senior-level,Full-time,Data Scientist,47280,Spain,On-site,Spain,Medium,25K-50K
2022,Senior-level,Full-time,Data Scientist,37824,Spain,On-site,Spain,Medium,25K-50K
2022,Senior-level,Full-time,Data Analyst,115934,United States,Remote,United States,Medium,100K–150K
2022,Senior-level,Full-time,Data Analyst,81666,United States,Remote,United States,Medium,50K–100K
2022,Senior-level,Full-time,Data Scientist,175000,United States,Remote,United States,Medium,150K–200K
2022,Senior-level,Full-time,Data Scientist,140000,United States,Remote,United States,Medium,100K–150K
2022,Senior-level,Full-time,Research Engineer,249500,United States,On-site,United States,Medium,200K+
2022,Senior-level,Full-time,Research Engineer,149850,United States,On-site,United States,Medium,100K–150K
2022,Mid-level,Full-time,Analytics Engineer,122500,United States,Remote,United States,Medium,100K–150K
2022,Mid-level,Full-time,Analytics Engineer,100000,United States,Remote,United States,Medium,50K–100K
2022,Senior-level,Full-time,Data Scientist,249500,United States,On-site,United States,Medium,200K+
2022,Senior-level,Full-time,Data Scientist,149850,United States,On-site,United States,Medium,100K–150K
2022,Entry-level,Full-time,Data Analyst,55000,United States,On-site,United States,Medium,50K–100K
2022,Entry-level,Full-time,Data Analyst,48000,United States,On-site,United States,Medium,25K-50K
2022,Senior-level,Full-time,Research Scientist,249500,United States,On-site,United States,Medium,200K+
2022,Senior-level,Full-time,Research Scientist,149850,United States,On-site,United States,Medium,100K–150K
2022,Mid-level,Full-time,Computer Vision Engineer,58837,France,Remote,France,Small,50K–100K
2022,Senior-level,Full-time,Data Engineer,190000,United States,Remote,United States,Medium,150K–200K
2022,Senior-level,Full-time,Data Engineer,120000,United States,Remote,United States,Medium,100K–150K
2022,Senior-level,Full-time,Data Analyst,127000,United States,Remote,United States,Medium,100K–150K
2022,Senior-level,Full-time,Data Analyst,104000,United States,Remote,United States,Medium,100K–150K
2022,Senior-level,Full-time,Data Scientist,210000,United States,Remote,United States,Medium,200K+
2022,Senior-level,Full-time,Data Scientist,150000,United States,Remote,United States,Medium,100K–150K
2022,Senior-level,Full-time,Machine Learning Engineer,150000,United States,Remote,United States,Medium,100K–150K
2022,Senior-level,Full-time,Data Engineer,210000,United States,Remote,United States,Medium,200K+
2022,Senior-level,Full-time,Data Engineer,130000,United States,Remote,United States,Medium,100K–150K
2022,Senior-level,Full-time,Data Scientist,182750,United States,Remote,United States,Medium,150K–200K
2022,Senior-level,Full-time,Data Scientist,161500,United States,Remote,United States,Medium,150K–200K
2022,Mid-level,Full-time,Data Analyst,102640,United States,Remote,United States,Medium,100K–150K
2022,Mid-level,Full-time,Data Analyst,66100,United States,Remote,United States,Medium,50K–100K
2022,Senior-level,Full-time,Research Scientist,210000,United States,Remote,United States,Medium,200K+
2022,Senior-level,Full-time,Research Scientist,150000,United States,Remote,United States,Medium,100K–150K
2022,Senior-level,Full-time,Data Engineer,198800,United States,On-site,United States,Medium,150K–200K
2022,Senior-level,Full-time,Data Engineer,122600,United States,On-site,United States,Medium,100K–150K
2022,Mid-level,Full-time,Data Engineer,130000,United States,Remote,United States,Medium,100K–150K
2022,Mid-level,Full-time,Data Engineer,80000,United States,Remote,United States,Medium,50K–100K
2022,Senior-level,Full-time,Data Scientist,136000,United States,Remote,United States,Medium,100K–150K
2022,Senior-level,Full-time,Data Scientist,104000,United States,Remote,United States,Medium,100K–150K
2022,Senior-level,Full-time,Data Analyst,150000,United States,Remote,United States,Medium,100K–150K
2022,Senior-level,Full-time,Data Analyst,100000,United States,Remote,United States,Medium,50K–100K
2022,Executive-level,Full-time,Data Scientist,159000,United States,Remote,United States,Medium,150K–200K
2022,Executive-level,Full-time,Data Scientist,130000,United States,Remote,United States,Medium,100K–150K
2022,Senior-level,Full-time,Data Engineer,215000,United States,Remote,United States,Medium,200K+
2022,Senior-level,Full-time,Data Engineer,150000,United States,Remote,United States,Medium,100K–150K
2022,Mid-level,Full-time,Data Engineer,187000,United States,Remote,United States,Medium,150K–200K
2022,Mid-level,Full-time,Data Engineer,153000,United States,Remote,United States,Medium,150K–200K
2022,Senior-level,Full-time,Machine Learning Engineer,255000,Mexico,Remote,Mexico,Medium,200K+
2022,Senior-level,Full-time,Machine Learning Engineer,185000,Mexico,Remote,Mexico,Medium,150K–200K
2022,Mid-level,Full-time,Data Analyst,430967,United Kingdom,On-site,United Kingdom,Medium,200K+
2022,Mid-level,Full-time,Data Analyst,55410,United Kingdom,On-site,United Kingdom,Medium,50K–100K
2022,Senior-level,Full-time,Data Analyst,50432,Spain,On-site,Spain,Medium,50K–100K
2022,Senior-level,Full-time,Data Analyst,39925,Spain,On-site,Spain,Medium,25K-50K
2022,Senior-level,Full-time,Data Analyst,169000,United States,On-site,United States,Medium,150K–200K
2022,Senior-level,Full-time,Data Analyst,110600,United States,On-site,United States,Medium,100K–150K
2022,Entry-level,Full-time,BI Data Analyst,60938,Germany,On-site,Germany,Large,50K–100K
2022,Senior-level,Full-time,BI Developer,140000,United States,Remote,United States,Medium,100K–150K
2022,Senior-level,Full-time,BI Developer,120000,United States,Remote,United States,Medium,100K–150K
2022,Senior-level,Full-time,3D Computer Vision Researcher,10000,Canada,Hybrid,Albania,Small,<25K
2022,Entry-level,Full-time,Data Analyst,50000,United States,Hybrid,United States,Large,25K-50K
2022,Mid-level,Full-time,MLOps Engineer,134000,United States,Remote,United States,Medium,100K–150K
2022,Mid-level,Full-time,MLOps Engineer,124000,United States,Remote,United States,Medium,100K–150K
2022,Senior-level,Full-time,Data Analyst,166700,United States,On-site,United States,Medium,150K–200K
2022,Senior-level,Full-time,Data Analyst,119000,United States,On-site,United States,Medium,100K–150K
2022,Entry-level,Full-time,Data Scientist,124234,United States,On-site,United States,Medium,100K–150K
2022,Entry-level,Full-time,Data Scientist,74540,United States,On-site,United States,Medium,50K–100K
2022,Mid-level,Full-time,Data Analyst,100000,United States,Remote,United States,Medium,50K–100K
2022,Mid-level,Full-time,Data Analyst,65000,United States,Remote,United States,Medium,50K–100K
2021,Mid-level,Full-time,Data Analyst,16904,India,Hybrid,India,Large,<25K
2022,Entry-level,Full-time,AI Scientist,200000,Canada,Hybrid,Canada,Large,150K–200K
2022,Entry-level,Full-time,Machine Learning Engineer,12000,Argentina,Remote,Argentina,Large,<25K
2022,Senior-level,Full-time,Data Engineer,220000,United States,Remote,United States,Medium,200K+
2022,Senior-level,Full-time,Data Engineer,146000,United States,Remote,United States,Medium,100K–150K
2022,Senior-level,Full-time,Data Engineer,68293,Spain,On-site,Spain,Medium,50K–100K
2022,Senior-level,Full-time,Data Specialist,110000,United States,On-site,United States,Medium,100K–150K
2022,Senior-level,Full-time,Data Specialist,70000,United States,On-site,United States,Medium,50K–100K
2022,Senior-level,Full-time,Data Architect,190000,United States,Remote,United States,Medium,150K–200K
2022,Senior-level,Full-time,Data Architect,135000,United States,Remote,United States,Medium,100K–150K
2022,Senior-level,Full-time,Data Scientist,128000,United States,On-site,United States,Medium,100K–150K
2022,Senior-level,Full-time,Data Scientist,81500,United States,On-site,United States,Medium,50K–100K
2022,Senior-level,Full-time,Data Scientist,173000,United States,Remote,United States,Medium,150K–200K
2022,Senior-level,Full-time,Data Scientist,110000,United States,Remote,United States,Medium,100K–150K
2022,Senior-level,Full-time,Machine Learning Engineer,192000,United States,On-site,United States,Medium,150K–200K
2022,Senior-level,Full-time,Machine Learning Engineer,120000,United States,On-site,United States,Medium,100K–150K
2022,Senior-level,Full-time,Principal Machine Learning Engineer,190000,United States,Remote,United States,Large,150K–200K
2022,Senior-level,Full-time,Data Engineer,194000,United States,Remote,United States,Medium,150K–200K
2022,Senior-level,Full-time,Data Engineer,129400,United States,Remote,United States,Medium,100K–150K
2022,Senior-level,Full-time,Data Analyst,201000,United States,Remote,United States,Medium,200K+
2022,Senior-level,Full-time,Data Analyst,89200,United States,Remote,United States,Medium,50K–100K
2022,Senior-level,Full-time,Data Scientist,165000,United States,On-site,United States,Medium,150K–200K
2022,Senior-level,Full-time,Data Scientist,125000,United States,On-site,United States,Medium,100K–150K
2022,Senior-level,Full-time,Applied Scientist,230000,United States,Remote,United States,Medium,200K+
2022,Senior-level,Full-time,Applied Scientist,196000,United States,Remote,United States,Medium,150K–200K
2022,Mid-level,Full-time,Machine Learning Engineer,130000,United States,On-site,United States,Medium,100K–150K
2022,Mid-level,Full-time,Machine Learning Engineer,90000,United States,On-site,United States,Medium,50K–100K
2022,Mid-level,Full-time,Machine Learning Researcher,150000,United States,Remote,United States,Medium,100K–150K
2022,Mid-level,Full-time,Machine Learning Researcher,100000,United States,Remote,United States,Medium,50K–100K
2022,Mid-level,Full-time,Machine Learning Engineer,230000,United States,On-site,United States,Medium,200K+
2022,Mid-level,Full-time,Machine Learning Engineer,150000,United States,On-site,United States,Medium,100K–150K
2022,Mid-level,Full-time,Machine Learning Researcher,130000,United States,Remote,United States,Medium,100K–150K
2022,Mid-level,Full-time,Data Scientist,180000,United States,On-site,United States,Medium,150K–200K
2022,Mid-level,Full-time,Data Scientist,120000,United States,On-site,United States,Medium,100K–150K
2022,Senior-level,Full-time,Data Analyst,192500,United States,Remote,United States,Medium,150K–200K
2022,Senior-level,Full-time,Data Analyst,140000,United States,Remote,United States,Medium,100K–150K
2022,Senior-level,Full-time,Data Engineer,152500,United States,On-site,United States,Medium,150K–200K
2022,Senior-level,Full-time,Data Analyst,65000,United States,Remote,United States,Medium,50K–100K
2022,Senior-level,Full-time,Data Analyst,55000,United States,Remote,United States,Medium,50K–100K
2022,Senior-level,Full-time,Data Engineer,178750,United States,On-site,United States,Medium,150K–200K
2022,Senior-level,Full-time,Data Engineer,160000,United States,On-site,United States,Medium,150K–200K
2022,Mid-level,Full-time,Data Scientist,63040,France,Remote,France,Medium,50K–100K
2022,Mid-level,Full-time,Machine Learning Scientist,165000,United States,On-site,United States,Medium,150K–200K
2022,Mid-level,Full-time,Machine Learning Scientist,135000,United States,On-site,United States,Medium,100K–150K
2022,Senior-level,Full-time,Analytics Engineer,170000,United States,Remote,United States,Medium,150K–200K
2022,Senior-level,Full-time,Analytics Engineer,125000,United States,Remote,United States,Medium,100K–150K
2022,Senior-level,Full-time,Data Engineer,105000,United States,On-site,United States,Medium,100K–150K
2022,Senior-level,Full-time,Data Engineer,70000,United States,On-site,United States,Medium,50K–100K
2022,Senior-level,Full-time,Data Scientist,130000,United States,On-site,United States,Medium,100K–150K
2022,Senior-level,Full-time,Data Scientist,95000,United States,On-site,United States,Medium,50K–100K
2022,Senior-level,Full-time,Data Scientist,203500,United States,On-site,United States,Medium,200K+
2022,Senior-level,Full-time,Data Scientist,152000,United States,On-site,United States,Medium,150K–200K
2022,Senior-level,Full-time,Data Engineer,197430,United States,Remote,United States,Medium,150K–200K
2022,Senior-level,Full-time,Data Engineer,134760,United States,Remote,United States,Medium,100K–150K
2022,Mid-level,Full-time,Data Scientist,120000,United States,Remote,United States,Medium,100K–150K
2022,Senior-level,Full-time,Data Engineer,197000,United States,On-site,United States,Medium,150K–200K
2022,Senior-level,Full-time,Data Engineer,99000,United States,On-site,United States,Medium,50K–100K
2022,Senior-level,Full-time,Data Engineer,162000,United States,Remote,United States,Medium,150K–200K
2022,Mid-level,Full-time,Data Engineer,110446,Lithuania,On-site,Lithuania,Medium,100K–150K
2022,Mid-level,Full-time,Data Engineer,79178,Lithuania,On-site,Lithuania,Medium,50K–100K
2022,Mid-level,Full-time,Data Science Consultant,70186,United Kingdom,On-site,United Kingdom,Medium,50K–100K
2022,Mid-level,Full-time,Data Science Consultant,51716,United Kingdom,On-site,United Kingdom,Medium,50K–100K
2022,Senior-level,Full-time,Data Architect,149040,United States,Remote,United States,Medium,100K–150K
2022,Senior-level,Full-time,Data Architect,113900,United States,Remote,United States,Medium,100K–150K
2020,Mid-level,Full-time,Business Data Analyst,95000,United States,On-site,United States,Medium,50K–100K
2021,Senior-level,Full-time,Data Analyst,115000,United States,Remote,United States,Small,100K–150K
2022,Senior-level,Full-time,Data Analyst,171000,United States,Remote,Australia,Large,150K–200K
2022,Entry-level,Full-time,Data Analytics Engineer,13000,Argentina,Remote,Argentina,Small,<25K
2022,Entry-level,Freelance,Data Analytics Consultant,50000,Belgium,Remote,United States,Small,25K-50K
2022,Senior-level,Full-time,Data Scientist,185900,United States,On-site,United States,Medium,150K–200K
2022,Senior-level,Full-time,Data Scientist,129300,United States,On-site,United States,Medium,100K–150K
2022,Senior-level,Full-time,Data Engineer,230000,United States,Remote,United States,Medium,200K+
2022,Senior-level,Full-time,Data Engineer,154600,United States,Remote,United States,Medium,150K–200K
2022,Mid-level,Full-time,Data Engineer,75000,United States,Remote,United States,Medium,50K–100K
2022,Senior-level,Full-time,Data Engineer,213000,United States,On-site,United States,Medium,200K+
2022,Senior-level,Full-time,Data Engineer,152000,United States,On-site,United States,Medium,150K–200K
2022,Senior-level,Full-time,Data Scientist,120000,United States,Remote,United States,Medium,100K–150K
2022,Senior-level,Full-time,Data Scientist,110000,United States,On-site,United States,Medium,100K–150K
2022,Senior-level,Full-time,Data Scientist,70000,United States,On-site,United States,Medium,50K–100K
2022,Senior-level,Full-time,Machine Learning Software Engineer,227200,Canada,Remote,Canada,Medium,200K+
2022,Senior-level,Full-time,Machine Learning Software Engineer,168000,Canada,Remote,Canada,Medium,150K–200K
2021,Entry-level,Full-time,3D Computer Vision Researcher,20000,American Samoa,On-site,American Samoa,Medium,<25K
2022,Mid-level,Full-time,Data Scientist,64090,Germany,On-site,Germany,Medium,50K–100K
2022,Mid-level,Full-time,Data Scientist,60938,Germany,On-site,Germany,Medium,50K–100K
2022,Senior-level,Full-time,ML Engineer,243000,United States,Remote,United States,Medium,200K+
2022,Senior-level,Full-time,ML Engineer,183000,United States,Remote,United States,Medium,150K–200K
2022,Senior-level,Full-time,Data Engineer,150000,United States,On-site,United States,Medium,100K–150K
2022,Mid-level,Full-time,Data Scientist,130000,United States,Remote,United States,Medium,100K–150K
2022,Mid-level,Full-time,Data Scientist,90000,United States,Remote,United States,Medium,50K–100K
2022,Mid-level,Full-time,Data Analyst,165000,United States,On-site,United States,Medium,150K–200K
2022,Mid-level,Full-time,Data Analyst,124000,United States,On-site,United States,Medium,100K–150K
2022,Senior-level,Full-time,Data Engineer,178000,Canada,On-site,Canada,Medium,150K–200K
2022,Senior-level,Full-time,Data Engineer,132000,Canada,On-site,Canada,Medium,100K–150K
2022,Senior-level,Full-time,Data Engineer,300000,United States,On-site,United States,Medium,200K+
2022,Senior-level,Full-time,Data Analyst,116000,United States,Remote,United States,Medium,100K–150K
2022,Senior-level,Full-time,Data Analyst,96000,United States,Remote,United States,Medium,50K–100K
2022,Senior-level,Full-time,Data Analyst,92350,United Kingdom,On-site,United Kingdom,Medium,50K–100K
2022,Senior-level,Full-time,Data Analyst,70186,United Kingdom,On-site,United Kingdom,Medium,50K–100K
2022,Senior-level,Full-time,Data Analyst,105000,United States,On-site,United States,Medium,100K–150K
2022,Senior-level,Full-time,Data Analyst,70000,United States,On-site,United States,Medium,50K–100K
2022,Mid-level,Full-time,Machine Learning Researcher,105236,Canada,Hybrid,Canada,Large,100K–150K
2022,Senior-level,Full-time,Data Analyst,100000,United States,On-site,United States,Medium,50K–100K
2022,Entry-level,Full-time,Machine Learning Engineer,189750,United States,On-site,United States,Medium,150K–200K
2022,Entry-level,Full-time,Machine Learning Engineer,140250,United States,On-site,United States,Medium,100K–150K
2022,Senior-level,Full-time,Data Analyst,130000,United States,On-site,United States,Medium,100K–150K
2022,Mid-level,Full-time,Data Analyst,160000,United States,On-site,United States,Medium,150K–200K
2022,Mid-level,Full-time,Data Analyst,109000,United States,On-site,United States,Medium,100K–150K
2022,Senior-level,Full-time,Research Engineer,250000,United States,On-site,United States,Medium,200K+
2022,Senior-level,Full-time,Research Engineer,150000,United States,On-site,United States,Medium,100K–150K
2022,Mid-level,Full-time,Data Analyst,206000,United States,On-site,United States,Medium,200K+
2022,Senior-level,Full-time,Data Engineer,135000,United States,On-site,United States,Medium,100K–150K
2022,Senior-level,Full-time,Machine Learning Engineer,115573,France,Remote,France,Medium,100K–150K
2022,Senior-level,Full-time,Machine Learning Engineer,73546,France,Remote,France,Medium,50K–100K
2022,Senior-level,Full-time,Data Engineer,42026,Spain,On-site,Spain,Medium,25K-50K
2022,Senior-level,Full-time,Data Engineer,191200,United States,On-site,United States,Medium,150K–200K
2022,Entry-level,Full-time,Machine Learning Research Engineer,66192,Germany,Hybrid,Germany,Large,50K–100K
2022,Entry-level,Full-time,3D Computer Vision Researcher,50000,United States,Remote,Costa Rica,Small,25K-50K
2022,Senior-level,Full-time,Data Engineer,230000,United States,On-site,United States,Large,200K+
2022,Senior-level,Full-time,Data Engineer,154600,United States,On-site,United States,Large,150K–200K
2022,Mid-level,Full-time,Data Analyst,80000,United States,Remote,United States,Large,50K–100K
2022,Senior-level,Full-time,Analytics Engineer,135000,United States,On-site,United States,Medium,100K–150K
2022,Senior-level,Full-time,Analytics Engineer,110000,United States,On-site,United States,Medium,100K–150K
2022,Mid-level,Full-time,Data Analytics Manager,155000,United States,On-site,United States,Medium,150K–200K
2022,Mid-level,Full-time,Data Analytics Manager,140000,United States,On-site,United States,Medium,100K–150K
2022,Senior-level,Full-time,Data Engineer,205000,United States,Remote,United States,Medium,200K+
2022,Senior-level,Full-time,Data Engineer,179500,United States,On-site,United States,Medium,150K–200K
2022,Senior-level,Full-time,Data Engineer,134000,United States,On-site,United States,Medium,100K–150K
2022,Senior-level,Full-time,Data Scientist,145000,United States,Remote,United States,Medium,100K–150K
2022,Senior-level,Full-time,Data Architect,235000,United States,Remote,United States,Medium,200K+
2022,Senior-level,Full-time,Data Architect,175000,United States,Remote,United States,Medium,150K–200K
2022,Entry-level,Full-time,Data Science Consultant,27317,Spain,Hybrid,Spain,Large,25K-50K
2022,Mid-level,Full-time,Data Engineer,90000,United States,Remote,United States,Medium,50K–100K
2022,Mid-level,Full-time,Data Specialist,165000,United States,On-site,United States,Medium,150K–200K
2022,Mid-level,Full-time,Data Specialist,135000,United States,On-site,United States,Medium,100K–150K
2022,Senior-level,Full-time,Data Engineer,168400,United States,On-site,United States,Medium,150K–200K
2022,Senior-level,Full-time,Data Engineer,105200,United States,On-site,United States,Medium,100K–150K
2022,Mid-level,Full-time,Deep Learning Engineer,86193,United Kingdom,Remote,United Kingdom,Medium,50K–100K
2022,Mid-level,Full-time,Deep Learning Engineer,49253,United Kingdom,Remote,United Kingdom,Medium,25K-50K
2022,Senior-level,Full-time,Data Engineer,200000,United States,On-site,United States,Medium,150K–200K
2022,Senior-level,Full-time,Data Scientist,198800,United States,On-site,United States,Medium,150K–200K
2022,Senior-level,Full-time,Data Scientist,122600,United States,On-site,United States,Medium,100K–150K
2022,Entry-level,Freelance,Machine Learning Engineer,100000,Iran,Remote,Iran,Medium,50K–100K
2022,Mid-level,Full-time,BI Data Analyst,105066,France,Hybrid,France,Medium,100K–150K
2022,Mid-level,Full-time,Analytics Engineer,104663,United Kingdom,On-site,United Kingdom,Medium,100K–150K
2022,Mid-level,Full-time,Analytics Engineer,73880,United Kingdom,On-site,United Kingdom,Medium,50K–100K
2022,Senior-level,Full-time,Data Engineer,125000,United States,Remote,United States,Medium,100K–150K
2022,Senior-level,Full-time,Data Engineer,110000,United States,Remote,United States,Medium,100K–150K
2022,Senior-level,Full-time,Data Scientist,148000,United States,Remote,United States,Medium,100K–150K
2022,Senior-level,Full-time,Data Scientist,107000,United States,Remote,United States,Medium,100K–150K
2022,Mid-level,Full-time,Data Analyst,100000,Canada,On-site,Canada,Medium,50K–100K
2022,Mid-level,Full-time,Data Analyst,65000,Canada,On-site,Canada,Medium,50K–100K
2022,Senior-level,Full-time,Data Engineer,63040,Portugal,On-site,Portugal,Medium,50K–100K
2022,Senior-level,Full-time,Data Engineer,36773,Portugal,On-site,Portugal,Medium,25K-50K
2022,Senior-level,Full-time,Data Science Manager,299500,United States,On-site,United States,Medium,200K+
2022,Senior-level,Full-time,Data Science Manager,245100,United States,On-site,United States,Medium,200K+
2022,Senior-level,Full-time,Data Scientist,168000,United States,Remote,United States,Medium,150K–200K
2022,Senior-level,Full-time,Data Scientist,130000,United States,Remote,United States,Medium,100K–150K
2022,Mid-level,Full-time,Data Engineer,161000,United States,Remote,United States,Medium,150K–200K
2022,Mid-level,Full-time,Data Engineer,118000,United States,Remote,United States,Medium,100K–150K
2022,Senior-level,Full-time,Applied Scientist,205000,United States,Remote,United States,Medium,200K+
2022,Senior-level,Full-time,Data Science Manager,247500,United States,On-site,United States,Medium,200K+
2022,Senior-level,Full-time,Data Science Manager,172200,United States,On-site,United States,Medium,150K–200K
2022,Senior-level,Full-time,Data Management Specialist,68293,Italy,On-site,Italy,Large,50K–100K
2022,Senior-level,Full-time,Data Analyst,177000,United States,On-site,United States,Medium,150K–200K
2022,Senior-level,Full-time,Data Analyst,131000,United States,On-site,United States,Medium,100K–150K
2022,Senior-level,Full-time,Data Engineer,146000,United States,On-site,United States,Medium,100K–150K
2022,Senior-level,Full-time,Data Engineer,102000,United States,On-site,United States,Medium,100K–150K
2022,Mid-level,Full-time,Data Engineer,80000,United States,On-site,United States,Medium,50K–100K
2022,Mid-level,Full-time,Data Engineer,65000,United States,On-site,United States,Medium,50K–100K
2022,Senior-level,Full-time,Data Engineer,61566,United Kingdom,Remote,United Kingdom,Medium,50K–100K
2022,Senior-level,Full-time,Data Engineer,43096,United Kingdom,Remote,United Kingdom,Medium,25K-50K
2022,Mid-level,Full-time,Data Engineer,175000,United States,Remote,United States,Medium,150K–200K
2022,Mid-level,Full-time,Data Engineer,135000,United States,Remote,United States,Medium,100K–150K
2022,Entry-level,Full-time,Data Scientist,80000,United States,On-site,United States,Medium,50K–100K
2022,Senior-level,Full-time,Data Engineer,231250,United States,Remote,United States,Medium,200K+
2022,Senior-level,Full-time,Data Engineer,138750,United States,Remote,United States,Medium,100K–150K
2022,Senior-level,Full-time,Analytics Engineer,193750,United States,Remote,United States,Medium,150K–200K
2022,Senior-level,Full-time,Analytics Engineer,116250,United States,Remote,United States,Medium,100K–150K
2022,Senior-level,Full-time,Analytics Engineer,231250,United States,Remote,United States,Medium,200K+
2022,Senior-level,Full-time,Analytics Engineer,138750,United States,Remote,United States,Medium,100K–150K
2022,Senior-level,Full-time,Data Engineer,193750,United States,Remote,United States,Medium,150K–200K
2022,Senior-level,Full-time,Data Engineer,116250,United States,Remote,United States,Medium,100K–150K
2022,Senior-level,Full-time,Data Scientist,208000,United States,Remote,United States,Medium,200K+
2022,Senior-level,Full-time,Data Scientist,127000,United States,Remote,United States,Medium,100K–150K
2022,Senior-level,Full-time,Research Scientist,300000,United States,Remote,United States,Medium,200K+
2022,Senior-level,Full-time,Research Scientist,196000,United States,Remote,United States,Medium,150K–200K
2021,Mid-level,Freelance,Autonomous Vehicle Technician,45555,American Samoa,Hybrid,Bahamas,Medium,25K-50K
2022,Senior-level,Full-time,Data Scientist,205000,United States,Remote,United States,Medium,200K+
2022,Senior-level,Full-time,Data Scientist,185000,United States,Remote,United States,Medium,150K–200K
2022,Senior-level,Full-time,Machine Learning Engineer,247500,United States,On-site,United States,Medium,200K+
2022,Senior-level,Full-time,Machine Learning Engineer,172200,United States,On-site,United States,Medium,150K–200K
2022,Senior-level,Full-time,Data Analyst,110000,United States,On-site,United States,Medium,100K–150K
2022,Entry-level,Full-time,Data Scientist,17684,Hungary,Remote,Hungary,Medium,<25K
2022,Senior-level,Full-time,Data Science Tech Lead,375000,United States,Hybrid,United States,Large,200K+
2022,Senior-level,Full-time,Data Scientist,225000,United States,On-site,United States,Medium,200K+
2022,Senior-level,Full-time,Data Scientist,156400,United States,On-site,United States,Medium,150K–200K
2022,Mid-level,Full-time,Machine Learning Engineer,104663,United Kingdom,On-site,United Kingdom,Medium,100K–150K
2022,Mid-level,Full-time,Machine Learning Engineer,80036,United Kingdom,On-site,United Kingdom,Medium,50K–100K
2022,Senior-level,Full-time,Data Scientist,140700,United States,On-site,United States,Medium,100K–150K
2022,Senior-level,Full-time,Data Scientist,93800,United States,On-site,United States,Medium,50K–100K
2022,Senior-level,Full-time,Data Scientist,350000,United States,Remote,United States,Medium,200K+
2022,Senior-level,Full-time,Data Scientist,135000,United States,Remote,United States,Medium,100K–150K
2022,Entry-level,Part-time,BI Analyst,12000,Mexico,Remote,United States,Large,<25K
2022,Mid-level,Full-time,Machine Learning Engineer,104697,Switzerland,Remote,Switzerland,Large,100K–150K
2022,Entry-level,Full-time,Machine Learning Developer,33000,Italy,Remote,Germany,Small,25K-50K
2022,Entry-level,Full-time,Machine Learning Scientist,34672,Italy,Remote,Germany,Small,25K-50K
2022,Senior-level,Full-time,Machine Learning Engineer,201000,United States,On-site,United States,Medium,200K+
2022,Senior-level,Full-time,Machine Learning Engineer,119000,United States,On-site,United States,Medium,100K–150K
2022,Senior-level,Full-time,Data Engineer,175000,United States,Remote,United States,Medium,150K–200K
2022,Senior-level,Full-time,Data Analyst,154560,United States,On-site,United States,Medium,150K–200K
2022,Senior-level,Full-time,Data Analyst,123648,United States,On-site,United States,Medium,100K–150K
2022,Mid-level,Full-time,Data Engineer,170000,United States,On-site,United States,Medium,150K–200K
2022,Mid-level,Full-time,Data Engineer,145000,United States,On-site,United States,Medium,100K–150K
2022,Senior-level,Full-time,Data Engineer,135000,United States,Remote,United States,Medium,100K–150K
2022,Senior-level,Full-time,Data Engineer,100000,United States,Remote,United States,Medium,50K–100K
2022,Senior-level,Full-time,Data Scientist,247500,United States,On-site,United States,Medium,200K+
2022,Senior-level,Full-time,Data Scientist,172200,United States,On-site,United States,Medium,150K–200K
2022,Senior-level,Full-time,Data Scientist,177500,United States,Remote,United States,Medium,150K–200K
2022,Senior-level,Full-time,Data Scientist,134000,United States,Remote,United States,Medium,100K–150K
2022,Senior-level,Full-time,Data Architect,192564,United States,Remote,United States,Medium,150K–200K
2022,Senior-level,Full-time,Data Architect,144854,United States,Remote,United States,Medium,100K–150K
2022,Senior-level,Full-time,Data Engineer,179305,United States,Remote,United States,Medium,150K–200K
2022,Senior-level,Full-time,Data Engineer,142127,United States,Remote,United States,Medium,100K–150K
2022,Senior-level,Full-time,Data Engineer,315000,United States,Remote,United States,Medium,200K+
2022,Senior-level,Full-time,Data Engineer,225000,United States,Remote,United States,Medium,200K+
2022,Senior-level,Full-time,Data Scientist,243900,United States,Remote,United States,Medium,200K+
2022,Senior-level,Full-time,Data Scientist,156600,United States,Remote,United States,Medium,150K–200K
2022,Mid-level,Full-time,Data Analyst,79000,United States,On-site,United States,Medium,50K–100K
2022,Mid-level,Full-time,Data Scientist Lead,89306,Austria,Hybrid,Austria,Large,50K–100K
2022,Senior-level,Full-time,Data Engineer,182500,United States,Remote,United States,Medium,150K–200K
2022,Senior-level,Full-time,Data Engineer,128500,United States,Remote,United States,Medium,100K–150K
2022,Entry-level,Full-time,Data Manager,77300,United States,Remote,United States,Medium,50K–100K
2022,Entry-level,Full-time,Data Manager,45600,United States,Remote,United States,Medium,25K-50K
2022,Senior-level,Full-time,Data Analyst,110000,United States,Remote,United States,Medium,100K–150K
2022,Senior-level,Full-time,Data Architect,210000,United States,Remote,United States,Medium,200K+
2022,Senior-level,Full-time,Data Architect,136000,United States,Remote,United States,Medium,100K–150K
2022,Senior-level,Full-time,Cloud Data Engineer,12608,Slovakia,Remote,Slovakia,Small,<25K
2022,Senior-level,Full-time,Data Engineer,170000,United States,Remote,United States,Medium,150K–200K
2022,Senior-level,Full-time,Data Engineer,140000,United States,Remote,United States,Medium,100K–150K
2022,Senior-level,Full-time,Data Engineer,247500,United States,On-site,United States,Medium,200K+
2022,Senior-level,Full-time,Data Engineer,172200,United States,On-site,United States,Medium,150K–200K
2022,Senior-level,Full-time,Data Engineer,225000,United States,On-site,United States,Medium,200K+
2022,Senior-level,Full-time,Data Engineer,184100,United States,On-site,United States,Medium,150K–200K
2022,Mid-level,Full-time,Data Scientist,100000,United States,Remote,United States,Medium,50K–100K
2022,Mid-level,Full-time,Data Scientist,85000,United States,Remote,United States,Medium,50K–100K
2022,Mid-level,Full-time,Data Scientist,78000,United States,Remote,United States,Medium,50K–100K
2022,Senior-level,Full-time,Data Engineer,161000,United States,Remote,United States,Medium,150K–200K
2022,Executive-level,Full-time,Head of Data,205000,United States,On-site,United States,Medium,200K+
2022,Executive-level,Full-time,Head of Data,160000,United States,On-site,United States,Medium,150K–200K
2022,Entry-level,Full-time,Data Engineer,61566,United Kingdom,Remote,United Kingdom,Medium,50K–100K
2022,Entry-level,Full-time,Data Engineer,49253,United Kingdom,Remote,United Kingdom,Medium,25K-50K
2022,Senior-level,Full-time,Data Scientist,245000,United States,On-site,United States,Medium,200K+
2022,Senior-level,Full-time,Data Scientist,180000,United States,On-site,United States,Medium,150K–200K
2022,Senior-level,Full-time,Data Engineer,220000,United States,On-site,United States,Medium,200K+
2022,Senior-level,Full-time,Data Scientist,198440,United States,On-site,United States,Large,150K–200K
2022,Senior-level,Full-time,Data Scientist,144000,United States,On-site,United States,Large,100K–150K
2022,Senior-level,Full-time,Data Engineer,240000,United States,On-site,United States,Medium,200K+
2022,Senior-level,Full-time,Data Scientist,198440,United States,On-site,United States,Medium,150K–200K
2022,Senior-level,Full-time,Data Scientist,144000,United States,On-site,United States,Medium,100K–150K
2022,Mid-level,Full-time,Data Analyst,150000,United States,Remote,United States,Medium,100K–150K
2022,Mid-level,Full-time,Data Scientist,57872,United Kingdom,Hybrid,United Kingdom,Medium,50K–100K
2022,Entry-level,Full-time,Data Analyst,64000,United States,Remote,United States,Large,50K–100K
2022,Entry-level,Full-time,Data Scientist,39925,France,Hybrid,France,Large,25K-50K
2022,Senior-level,Full-time,Machine Learning Engineer,187200,Canada,Remote,Canada,Medium,150K–200K
2022,Senior-level,Full-time,Machine Learning Engineer,116100,Canada,Remote,Canada,Medium,100K–150K
2022,Senior-level,Full-time,Data Analyst,150000,United States,On-site,United States,Medium,100K–150K
2022,Senior-level,Full-time,Data Analyst,127000,United States,On-site,United States,Medium,100K–150K
2022,Senior-level,Full-time,Data Engineer,275000,United States,Remote,United States,Medium,200K+
2022,Senior-level,Full-time,Data Engineer,166000,United States,Remote,United States,Medium,150K–200K
2022,Senior-level,Full-time,Data Scientist,159699,United States,On-site,United States,Medium,150K–200K
2022,Senior-level,Full-time,Data Scientist,138938,United States,On-site,United States,Medium,100K–150K
2022,Entry-level,Full-time,BI Analyst,76000,United States,Hybrid,United States,Large,50K–100K
2022,Senior-level,Full-time,Analytics Engineer,103432,United Kingdom,On-site,United Kingdom,Medium,100K–150K
2022,Senior-level,Full-time,Analytics Engineer,92350,United Kingdom,On-site,United Kingdom,Medium,50K–100K
2022,Senior-level,Full-time,Data Analyst,80000,United States,On-site,United States,Medium,50K–100K
2022,Senior-level,Full-time,Data Analyst,52500,United States,On-site,United States,Medium,50K–100K
2022,Senior-level,Full-time,Data Engineer,236000,United States,Remote,United States,Medium,200K+
2022,Senior-level,Full-time,Data Engineer,182000,United States,Remote,United States,Medium,150K–200K
2022,Senior-level,Full-time,Data Scientist,180000,United States,Remote,United States,Medium,150K–200K
2022,Senior-level,Full-time,Data Analyst,135000,United States,Remote,United States,Medium,100K–150K
2022,Mid-level,Full-time,Research Engineer,240000,United States,Remote,United States,Medium,200K+
2022,Entry-level,Part-time,Data Analyst,125404,China,Hybrid,United States,Small,100K–150K
2022,Senior-level,Full-time,Data Engineer,195000,United States,Remote,United States,Medium,150K–200K
2022,Senior-level,Full-time,Data Engineer,110000,United States,On-site,United States,Medium,100K–150K
2022,Senior-level,Full-time,Data Operations Analyst,123000,United States,On-site,United States,Medium,100K–150K
2022,Senior-level,Full-time,Data Operations Analyst,92250,United States,On-site,United States,Medium,50K–100K
2022,Mid-level,Full-time,ML Engineer,180000,United States,Remote,United States,Medium,150K–200K
2022,Mid-level,Full-time,ML Engineer,100000,United States,Remote,United States,Medium,50K–100K
2022,Senior-level,Full-time,Data Engineer,97000,United States,Remote,United States,Medium,50K–100K
2022,Senior-level,Full-time,Data Engineer,90000,United States,Remote,United States,Medium,50K–100K
2022,Senior-level,Full-time,Machine Learning Engineer,180000,United States,Remote,United States,Medium,150K–200K
2022,Senior-level,Full-time,Data Engineer,260000,United States,On-site,United States,Medium,200K+
2022,Senior-level,Full-time,Data Engineer,180000,United States,On-site,United States,Medium,150K–200K
2022,Executive-level,Full-time,Analytics Engineer,210000,United States,Remote,United States,Medium,200K+
2022,Executive-level,Full-time,Analytics Engineer,157000,United States,Remote,United States,Medium,150K–200K
2022,Mid-level,Full-time,Data Analyst,80000,United States,On-site,United States,Medium,50K–100K
2022,Mid-level,Full-time,Data Analyst,52500,United States,On-site,United States,Medium,50K–100K
2022,Senior-level,Full-time,Data Architect,128000,United States,On-site,United States,Medium,100K–150K
2022,Senior-level,Full-time,Data Architect,81500,United States,On-site,United States,Medium,50K–100K
2022,Senior-level,Full-time,Data Operations Engineer,105000,United States,On-site,United States,Medium,100K–150K
2022,Senior-level,Full-time,Data Operations Engineer,70000,United States,On-site,United States,Medium,50K–100K
2022,Senior-level,Full-time,Data Scientist,175000,United States,On-site,United States,Medium,150K–200K
2022,Senior-level,Full-time,Data Scientist,122500,United States,On-site,United States,Medium,100K–150K
2022,Senior-level,Full-time,Data Engineer,171000,United States,On-site,United States,Medium,150K–200K
2022,Senior-level,Full-time,Data Engineer,117000,United States,On-site,United States,Medium,100K–150K
2022,Senior-level,Full-time,Data Scientist,202800,United States,On-site,United States,Large,200K+
2022,Senior-level,Full-time,Data Scientist,104300,United States,On-site,United States,Large,100K–150K
2022,Senior-level,Full-time,Data Analyst,36773,Spain,On-site,Spain,Medium,25K-50K
2022,Mid-level,Full-time,Data Scientist,30000,Mexico,Remote,Mexico,Large,25K-50K
2022,Mid-level,Full-time,Analytics Engineer,78000,Brazil,Remote,Brazil,Medium,50K–100K
2022,Mid-level,Full-time,Analytics Engineer,48000,Brazil,Remote,Brazil,Medium,25K-50K
2022,Mid-level,Full-time,Data Engineer,78000,Brazil,Remote,Brazil,Medium,50K–100K
2022,Mid-level,Full-time,Data Engineer,42000,Brazil,Remote,Brazil,Medium,25K-50K
2022,Senior-level,Full-time,Data Architect,345600,United States,On-site,United States,Medium,200K+
2022,Senior-level,Full-time,Data Architect,230400,United States,On-site,United States,Medium,200K+
2022,Mid-level,Full-time,BI Analyst,78000,Brazil,Remote,Brazil,Medium,50K–100K
2022,Mid-level,Full-time,BI Analyst,48000,Brazil,Remote,Brazil,Medium,25K-50K
2022,Senior-level,Full-time,Data Analyst,175950,United States,Remote,United States,Medium,150K–200K
2022,Senior-level,Full-time,Data Analyst,130050,United States,Remote,United States,Medium,100K–150K
2022,Senior-level,Full-time,Data Engineer,205600,United States,On-site,United States,Large,200K+
2022,Senior-level,Full-time,Data Engineer,105700,United States,On-site,United States,Large,100K–150K
2022,Senior-level,Full-time,Data Analyst,236600,United States,Remote,United States,Medium,200K+
2022,Mid-level,Full-time,Data Scientist,84000,Brazil,Remote,Brazil,Medium,50K–100K
2022,Mid-level,Full-time,Data Scientist,54000,Brazil,Remote,Brazil,Medium,50K–100K
2022,Entry-level,Full-time,Data Scientist,80000,United States,Remote,United States,Large,50K–100K
2022,Senior-level,Full-time,Marketing Data Analyst,200000,United Kingdom,Remote,United Kingdom,Small,150K–200K
2022,Entry-level,Full-time,Data Scientist,73742,Canada,Remote,Canada,Large,50K–100K
2022,Senior-level,Full-time,Data Science Lead,165000,United States,Hybrid,United States,Small,150K–200K
2022,Entry-level,Full-time,Data Scientist,33246,United Kingdom,Hybrid,United Kingdom,Large,25K-50K
2021,Entry-level,Full-time,Power BI Developer,5409,India,Hybrid,India,Large,<25K
2021,Mid-level,Full-time,Data Engineer,75050,Australia,Hybrid,Australia,Large,50K–100K
2022,Entry-level,Full-time,Machine Learning Engineer,108000,United States,On-site,United States,Small,100K–150K
2022,Senior-level,Full-time,Product Data Scientist,8000,India,Remote,Singapore,Large,<25K
2022,Senior-level,Full-time,Data Scientist,155000,United States,Remote,United States,Medium,150K–200K
2022,Senior-level,Full-time,Data Scientist,38000,United States,Remote,United States,Medium,25K-50K
2022,Mid-level,Full-time,Data Analyst,85000,United States,On-site,United States,Medium,50K–100K
2022,Mid-level,Full-time,Data Analyst,65000,United States,On-site,United States,Medium,50K–100K
2022,Mid-level,Full-time,Data Engineer,110820,United Kingdom,On-site,United Kingdom,Medium,100K–150K
2022,Mid-level,Full-time,Data Engineer,92350,United Kingdom,On-site,United Kingdom,Medium,50K–100K
2022,Senior-level,Full-time,Data Scientist,153600,United States,Remote,United States,Medium,150K–200K
2022,Senior-level,Full-time,Data Scientist,106800,United States,Remote,United States,Medium,100K–150K
2022,Senior-level,Full-time,Data Scientist,50000,United States,Remote,United States,Medium,25K-50K
2022,Senior-level,Full-time,Data Scientist,123400,United States,On-site,United States,Medium,100K–150K
2022,Senior-level,Full-time,Data Scientist,88100,United States,On-site,United States,Medium,50K–100K
2022,Senior-level,Full-time,Data Scientist,120000,United States,Remote,United States,Small,100K–150K
2022,Senior-level,Full-time,Data Scientist,55000,United States,Remote,United States,Small,50K–100K
2022,Senior-level,Full-time,Analytics Engineer,150000,United States,On-site,United States,Medium,100K–150K
2022,Senior-level,Full-time,Analytics Engineer,120000,United States,On-site,United States,Medium,100K–150K
2022,Senior-level,Full-time,Data Science Consultant,139000,United States,On-site,United States,Medium,100K–150K
2022,Senior-level,Full-time,Data Analyst,139600,United States,On-site,United States,Medium,100K–150K
2022,Senior-level,Full-time,Data Analyst,85700,United States,On-site,United States,Medium,50K–100K
2022,Senior-level,Full-time,Data Engineer,185000,United States,Remote,United States,Medium,150K–200K
2022,Senior-level,Full-time,Data Engineer,50000,United States,Remote,United States,Medium,25K-50K
2022,Senior-level,Full-time,Data Scientist,200000,United States,Remote,United States,Medium,150K–200K
2022,Mid-level,Full-time,ML Engineer,148500,United States,Remote,United States,Large,100K–150K
2022,Mid-level,Full-time,ML Engineer,98200,United States,Remote,United States,Large,50K–100K
2022,Senior-level,Full-time,Data Analyst,115000,United States,Remote,United States,Medium,100K–150K
2022,Senior-level,Full-time,Data Analyst,95000,United States,Remote,United States,Medium,50K–100K
2022,Senior-level,Full-time,Data Architect,225000,United States,Remote,United States,Medium,200K+
2022,Senior-level,Full-time,Data Architect,66000,United States,Remote,United States,Medium,50K–100K
2022,Mid-level,Full-time,Data Manager,134000,United States,On-site,United States,Medium,100K–150K
2022,Mid-level,Full-time,Data Manager,98000,United States,On-site,United States,Medium,50K–100K
2022,Mid-level,Full-time,Data Analyst,105000,United States,On-site,United States,Medium,100K–150K
2022,Mid-level,Full-time,Data Analyst,62000,United States,On-site,United States,Medium,50K–100K
2022,Entry-level,Full-time,BI Data Analyst,57000,United States,Remote,United States,Large,50K–100K
2022,Senior-level,Full-time,Big Data Engineer,161311,Canada,Hybrid,Canada,Medium,150K–200K
2022,Mid-level,Full-time,Data Scientist,144200,United States,Remote,United States,Medium,100K–150K
2022,Mid-level,Full-time,Data Scientist,115360,United States,Remote,United States,Medium,100K–150K
2022,Mid-level,Full-time,Data Scientist,83171,Australia,On-site,Australia,Large,50K–100K
2022,Senior-level,Full-time,Principal Data Architect,38154,India,Remote,India,Large,25K-50K
2022,Senior-level,Full-time,Data Engineer,73546,Portugal,On-site,Portugal,Medium,50K–100K
2022,Senior-level,Full-time,Data Engineer,42026,Portugal,On-site,Portugal,Medium,25K-50K
2022,Senior-level,Full-time,Data Architect,180000,United States,Remote,United States,Medium,150K–200K
2022,Senior-level,Full-time,Data Architect,160000,United States,Remote,United States,Medium,150K–200K
2022,Mid-level,Full-time,Data Scientist,108000,United States,Hybrid,United States,Large,100K–150K
2022,Senior-level,Full-time,Machine Learning Manager,200000,United States,Remote,United States,Medium,150K–200K
2022,Senior-level,Full-time,Machine Learning Manager,150000,United States,Remote,United States,Medium,100K–150K
2022,Executive-level,Full-time,Data Manager,125976,Canada,Hybrid,Canada,Large,100K–150K
2022,Senior-level,Full-time,Data Engineer,188700,United States,Remote,United States,Medium,150K–200K
2022,Senior-level,Full-time,Data Engineer,160395,United States,Remote,United States,Medium,150K–200K
2022,Senior-level,Full-time,Data Scientist,198440,United States,Remote,United States,Medium,150K–200K
2022,Senior-level,Full-time,Data Scientist,144000,United States,Remote,United States,Medium,100K–150K
2022,Senior-level,Full-time,Applied Scientist,191475,United States,Remote,United States,Medium,150K–200K
2022,Senior-level,Full-time,Applied Scientist,141525,United States,Remote,United States,Medium,100K–150K
2022,Mid-level,Full-time,Data Scientist,75648,Germany,Remote,Germany,Small,50K–100K
2022,Senior-level,Full-time,Lead Data Scientist,156868,United States,Remote,United States,Large,150K–200K
2022,Senior-level,Full-time,BI Analyst,200000,Nigeria,Remote,Nigeria,Small,150K–200K
2022,Senior-level,Full-time,Lead Machine Learning Engineer,69344,Portugal,Remote,Portugal,Large,50K–100K
2022,Mid-level,Full-time,NLP Engineer,5132,Czech Republic,Remote,Czech Republic,Medium,<25K
2022,Senior-level,Contract,Data Analyst,90000,United States,Remote,United States,Medium,50K–100K
2022,Mid-level,Full-time,Research Scientist,126080,Germany,On-site,Germany,Small,100K–150K
2022,Mid-level,Full-time,Research Scientist,84053,Germany,On-site,Germany,Small,50K–100K
2022,Senior-level,Full-time,Data Engineer,200000,United States,Remote,United States,Medium,150K–200K
2022,Senior-level,Full-time,Data Engineer,180000,United States,Remote,United States,Medium,150K–200K
2022,Mid-level,Full-time,Analytics Engineer,108000,United States,Remote,United States,Medium,100K–150K
2022,Mid-level,Full-time,Analytics Engineer,85000,United States,Remote,United States,Medium,50K–100K
2022,Senior-level,Full-time,Data Engineer,165000,United States,Remote,United States,Medium,150K–200K
2022,Senior-level,Full-time,Data Engineer,132000,United States,Remote,United States,Medium,100K–150K
2022,Senior-level,Full-time,Analytics Engineer,130000,United States,Remote,United States,Medium,100K–150K
2022,Senior-level,Full-time,Analytics Engineer,110000,United States,Remote,United States,Medium,100K–150K
2022,Mid-level,Full-time,BI Data Analyst,45050,Australia,Hybrid,Australia,Large,25K-50K
2021,Entry-level,Full-time,Data Analyst,42028,Australia,Hybrid,Australia,Large,25K-50K
2022,Mid-level,Full-time,Data Analytics Engineer,135000,United States,Remote,United States,Large,100K–150K
2022,Senior-level,Full-time,Data Engineer,178800,United States,Remote,United States,Large,150K–200K
2022,Senior-level,Full-time,Data Engineer,132100,United States,Remote,United States,Large,100K–150K
2022,Entry-level,Full-time,Data Analyst,20000,Costa Rica,Hybrid,United States,Medium,<25K
2022,Senior-level,Full-time,Machine Learning Engineer,140000,Canada,On-site,Canada,Medium,100K–150K
2022,Senior-level,Full-time,Machine Learning Engineer,110000,Canada,On-site,Canada,Medium,100K–150K
2022,Senior-level,Full-time,Data Engineer,160000,United States,Remote,United States,Medium,150K–200K
2022,Senior-level,Full-time,Data Engineer,85000,United States,Remote,United States,Medium,50K–100K
2022,Senior-level,Full-time,ETL Developer,250000,United States,Remote,United States,Medium,200K+
2022,Senior-level,Full-time,ETL Developer,63000,United States,Remote,United States,Medium,50K–100K
2022,Executive-level,Full-time,Data Engineer,187200,United States,Remote,United States,Medium,150K–200K
2022,Executive-level,Full-time,Data Engineer,116100,United States,Remote,United States,Medium,100K–150K
2022,Mid-level,Full-time,Data Scientist,10000,Turkey,On-site,Turkey,Medium,<25K
2022,Senior-level,Full-time,Data Engineer,145000,United States,Remote,United States,Medium,100K–150K
2022,Senior-level,Full-time,Data Engineer,229998,United States,On-site,United States,Large,200K+
2022,Senior-level,Full-time,Data Engineer,154545,United States,On-site,United States,Large,150K–200K
2022,Senior-level,Full-time,Data Scientist,215000,United States,On-site,United States,Large,200K+
2022,Senior-level,Full-time,Data Scientist,159000,United States,On-site,United States,Large,150K–200K
2022,Entry-level,Full-time,AI Scientist,50000,United States,Remote,United States,Medium,25K-50K
2022,Senior-level,Full-time,Data Scientist Lead,183000,United States,Remote,United States,Large,150K–200K
2022,Senior-level,Full-time,Data Analyst,99750,United States,Remote,United States,Medium,50K–100K
2022,Senior-level,Full-time,Data Analyst,68400,United States,Remote,United States,Medium,50K–100K
2022,Senior-level,Full-time,Data Scientist,236900,United States,Remote,United States,Large,200K+
2022,Senior-level,Full-time,Data Scientist,159200,United States,Remote,United States,Large,150K–200K
2022,Senior-level,Full-time,Data Science Manager,243225,United States,Remote,United States,Medium,200K+
2022,Senior-level,Full-time,Data Science Manager,179775,United States,Remote,United States,Medium,150K–200K
2022,Senior-level,Full-time,Data Scientist,128000,United States,Remote,United States,Medium,100K–150K
2022,Senior-level,Full-time,Data Scientist,191475,United States,Remote,United States,Medium,150K–200K
2022,Senior-level,Full-time,Data Scientist,141525,United States,Remote,United States,Medium,100K–150K
2022,Senior-level,Full-time,Data Scientist,218000,United States,On-site,United States,Medium,200K+
2022,Senior-level,Full-time,Data Scientist,145300,United States,On-site,United States,Medium,100K–150K
2022,Senior-level,Full-time,ML Engineer,195400,United States,Remote,United States,Large,150K–200K
2022,Senior-level,Full-time,ML Engineer,131300,United States,Remote,United States,Large,100K–150K
2022,Entry-level,Full-time,Data Specialist,105000,Chile,Remote,United States,Large,100K–150K
2022,Senior-level,Full-time,Data Scientist,207000,United States,Remote,United States,Medium,200K+
2022,Senior-level,Full-time,Data Scientist,153000,United States,Remote,United States,Medium,150K–200K
2022,Senior-level,Full-time,Data Analyst,99000,United States,On-site,United States,Medium,50K–100K
2022,Senior-level,Full-time,Machine Learning Engineer,200000,Puerto Rico,Remote,Puerto Rico,Medium,150K–200K
2022,Senior-level,Full-time,Machine Learning Engineer,135000,Puerto Rico,Remote,Puerto Rico,Medium,100K–150K
2022,Senior-level,Full-time,Data Engineer,195700,United States,On-site,United States,Medium,150K–200K
2022,Senior-level,Full-time,Data Engineer,130500,United States,On-site,United States,Medium,100K–150K
2022,Senior-level,Full-time,ML Engineer,130000,United States,Remote,United States,Medium,100K–150K
2022,Senior-level,Full-time,ML Engineer,84000,United States,Remote,United States,Medium,50K–100K
2022,Mid-level,Full-time,Data Operations Engineer,100000,United States,Remote,United States,Medium,50K–100K
2022,Mid-level,Full-time,Data Operations Engineer,60000,United States,Remote,United States,Medium,50K–100K
2022,Mid-level,Full-time,Data Engineer,80036,United Kingdom,Remote,United Kingdom,Medium,50K–100K
2022,Mid-level,Full-time,Data Engineer,67723,United Kingdom,Remote,United Kingdom,Medium,50K–100K
2022,Senior-level,Full-time,Data Engineer,141300,United States,On-site,United States,Medium,100K–150K
2022,Senior-level,Full-time,Data Engineer,102100,United States,On-site,United States,Medium,100K–150K
2022,Mid-level,Full-time,Business Data Analyst,150000,United States,Remote,United States,Large,100K–150K
2022,Mid-level,Full-time,Data Scientist,102200,United Kingdom,Remote,United Kingdom,Medium,100K–150K
2022,Entry-level,Full-time,Data Scientist,22892,India,Hybrid,India,Medium,<25K
2022,Senior-level,Full-time,Data Analyst,144000,United States,Remote,United States,Medium,100K–150K
2022,Senior-level,Full-time,Data Analyst,113000,United States,Remote,United States,Medium,100K–150K
2022,Entry-level,Full-time,AI Scientist,31520,Portugal,Remote,Spain,Medium,25K-50K
2022,Senior-level,Full-time,Data Architect,195400,United States,Remote,United States,Large,150K–200K
2022,Senior-level,Full-time,Data Architect,131300,United States,Remote,United States,Large,100K–150K
2022,Senior-level,Full-time,Machine Learning Engineer,195400,United States,Remote,United States,Large,150K–200K
2022,Senior-level,Full-time,Machine Learning Engineer,131300,United States,Remote,United States,Large,100K–150K
2022,Senior-level,Full-time,Data Engineer,80000,United States,Remote,United States,Medium,50K–100K
2022,Entry-level,Full-time,BI Data Analyst,8050,India,Remote,India,Medium,<25K
2022,Mid-level,Contract,NLP Engineer,60000,India,Remote,United States,Small,50K–100K
2022,Senior-level,Full-time,Machine Learning Engineer,63040,Finland,Hybrid,Finland,Small,50K–100K
2022,Entry-level,Full-time,Business Data Analyst,50000,India,Remote,American Samoa,Large,25K-50K
2022,Senior-level,Full-time,Data Engineer,105000,United States,Remote,United States,Medium,100K–150K
2022,Senior-level,Full-time,Analytics Engineer,190000,United States,Remote,United States,Medium,150K–200K
2022,Senior-level,Full-time,Analytics Engineer,140000,United States,Remote,United States,Medium,100K–150K
2022,Senior-level,Full-time,Data Scientist,180000,United States,Remote,United States,Large,150K–200K
2022,Senior-level,Full-time,Data Scientist,165000,United States,Remote,United States,Large,150K–200K
2022,Senior-level,Full-time,Applied Machine Learning Scientist,108000,United States,On-site,United States,Large,100K–150K
2021,Entry-level,Full-time,Machine Learning Research Engineer,20000,France,Hybrid,France,Medium,<25K
2022,Senior-level,Full-time,Data Scientist,179400,United States,On-site,United States,Medium,150K–200K
2022,Senior-level,Full-time,Data Scientist,154000,United States,On-site,United States,Medium,150K–200K
2022,Senior-level,Full-time,Machine Learning Scientist,193900,United States,On-site,United States,Medium,150K–200K
2022,Senior-level,Full-time,Machine Learning Scientist,129300,United States,On-site,United States,Medium,100K–150K
2022,Executive-level,Full-time,Data Science Manager,222640,United States,On-site,United States,Medium,200K+
2022,Executive-level,Full-time,Data Science Manager,182160,United States,On-site,United States,Medium,150K–200K
2022,Mid-level,Full-time,Data Engineer,150000,United States,On-site,United States,Medium,100K–150K
2022,Mid-level,Full-time,Data Engineer,100000,United States,On-site,United States,Medium,50K–100K
2022,Senior-level,Full-time,Analytics Engineer,122500,United States,Remote,United States,Medium,100K–150K
2022,Senior-level,Full-time,Analytics Engineer,100000,United States,Remote,United States,Medium,50K–100K
2022,Executive-level,Full-time,Data Engineer,297500,United States,Remote,United States,Medium,200K+
2022,Executive-level,Full-time,Data Engineer,260000,United States,Remote,United States,Medium,200K+
2021,Entry-level,Full-time,Machine Learning Developer,15000,Thailand,Remote,Thailand,Large,<25K
2022,Senior-level,Full-time,Data Engineer,193000,Spain,Remote,United States,Medium,150K–200K
2022,Entry-level,Full-time,Data Scientist,93000,United States,On-site,United States,Medium,50K–100K
2022,Entry-level,Full-time,Data Scientist,73000,United States,On-site,United States,Medium,50K–100K
2022,Entry-level,Full-time,Data Analyst,7799,Brazil,Remote,Brazil,Large,<25K
2022,Senior-level,Full-time,Data Scientist,136994,United States,Remote,United States,Medium,100K–150K
2022,Senior-level,Full-time,Data Scientist,101570,United States,Remote,United States,Medium,100K–150K
2022,Senior-level,Full-time,Director of Data Science,57786,France,Hybrid,France,Large,50K–100K
2022,Mid-level,Full-time,Data Analyst,136000,United States,Remote,United States,Medium,100K–150K
2022,Mid-level,Full-time,Data Analyst,112000,United States,Remote,United States,Medium,100K–150K
2022,Senior-level,Full-time,Data Scientist,172000,United States,Remote,United States,Medium,150K–200K
2022,Senior-level,Full-time,Data Engineer,215000,United States,On-site,United States,Medium,200K+
2022,Senior-level,Full-time,Data Engineer,164000,United States,On-site,United States,Medium,150K–200K
2021,Entry-level,Full-time,Data Engineer,45390,United Kingdom,Hybrid,United Kingdom,Large,25K-50K
2022,Mid-level,Full-time,Data Analyst,97500,United States,Remote,United States,Large,50K–100K
2022,Senior-level,Full-time,Applied Scientist,212800,United States,Remote,United States,Medium,200K+
2022,Senior-level,Full-time,Applied Scientist,142800,United States,Remote,United States,Medium,100K–150K
2022,Mid-level,Full-time,Data Scientist,73546,Netherlands,Hybrid,Netherlands,Large,50K–100K
2022,Entry-level,Full-time,Data Scientist,50000,United States,Hybrid,Germany,Medium,25K-50K
2022,Entry-level,Full-time,Data Analyst,6359,France,Remote,India,Large,<25K
2022,Senior-level,Full-time,Data Scientist,151800,United States,On-site,United States,Medium,150K–200K
2022,Senior-level,Full-time,Data Scientist,130240,United States,On-site,United States,Medium,100K–150K
2022,Senior-level,Full-time,Analytics Engineer,165000,United States,Remote,United States,Medium,150K–200K
2022,Senior-level,Full-time,Analytics Engineer,140250,United States,Remote,United States,Medium,100K–150K
2022,Senior-level,Full-time,Data Scientist,179400,United States,Remote,United States,Medium,150K–200K
2022,Senior-level,Full-time,Data Scientist,154000,United States,Remote,United States,Medium,150K–200K
2022,Mid-level,Full-time,Financial Data Analyst,75000,United States,On-site,United States,Medium,50K–100K
2022,Mid-level,Full-time,Data Engineer,84053,Greece,Remote,Greece,Medium,50K–100K
2022,Mid-level,Full-time,Data Engineer,73546,Greece,Remote,Greece,Medium,50K–100K
2022,Mid-level,Full-time,Data Engineer,98506,United Kingdom,Remote,United Kingdom,Medium,50K–100K
2022,Mid-level,Full-time,Data Engineer,86193,United Kingdom,Remote,United Kingdom,Medium,50K–100K
2022,Mid-level,Full-time,Data Engineer,84053,Spain,Remote,Spain,Medium,50K–100K
2022,Mid-level,Full-time,Data Engineer,73546,Spain,Remote,Spain,Medium,50K–100K
2022,Senior-level,Full-time,Analytics Engineer,102663,United Kingdom,Remote,United Kingdom,Medium,100K–150K
2022,Senior-level,Full-time,Analytics Engineer,80041,United Kingdom,Remote,United Kingdom,Medium,50K–100K
2022,Senior-level,Full-time,Data Engineer,104611,United Kingdom,Remote,United Kingdom,Medium,100K–150K
2022,Senior-level,Full-time,Data Engineer,82280,United Kingdom,Remote,United Kingdom,Medium,50K–100K
2022,Senior-level,Full-time,Data Scientist,191475,United States,On-site,United States,Medium,150K–200K
2022,Senior-level,Full-time,Data Scientist,141525,United States,On-site,United States,Medium,100K–150K
2022,Senior-level,Full-time,Data Analyst,115000,United States,On-site,United States,Large,100K–150K
2022,Entry-level,Full-time,Data Scientist,31520,Spain,Hybrid,Spain,Medium,25K-50K
2022,Senior-level,Full-time,Data Operations Analyst,81000,United States,Remote,United States,Medium,50K–100K
2022,Senior-level,Full-time,Data Operations Analyst,66000,United States,Remote,United States,Medium,50K–100K
2022,Entry-level,Full-time,Data Analyst,46000,United States,Remote,United States,Large,25K-50K
2022,Entry-level,Full-time,Data Engineer,80000,United States,Remote,United States,Large,50K–100K
2022,Executive-level,Full-time,Machine Learning Scientist,200000,United States,Remote,United States,Small,150K–200K
2022,Executive-level,Full-time,Machine Learning Scientist,180000,United States,Remote,United States,Small,150K–200K
2022,Executive-level,Full-time,AI Scientist,200000,United States,Remote,United States,Small,150K–200K
2022,Senior-level,Full-time,Data Scientist,204100,United States,On-site,United States,Medium,200K+
2022,Senior-level,Full-time,Data Scientist,136100,United States,On-site,United States,Medium,100K–150K
2022,Senior-level,Full-time,Analytics Engineer,250000,United States,On-site,United States,Medium,200K+
2022,Senior-level,Full-time,Analytics Engineer,63000,United States,On-site,United States,Medium,50K–100K
2022,Mid-level,Full-time,Data Scientist,118208,United Kingdom,On-site,United Kingdom,Medium,100K–150K
2022,Mid-level,Full-time,Data Scientist,110820,United Kingdom,On-site,United Kingdom,Medium,100K–150K
2021,Entry-level,Part-time,Computer Vision Software Engineer,19073,Denmark,Hybrid,Denmark,Large,<25K
2022,Senior-level,Full-time,Data Specialist,95000,United States,Remote,United States,Medium,50K–100K
2022,Senior-level,Full-time,Data Specialist,70000,United States,Remote,United States,Medium,50K–100K
2022,Mid-level,Full-time,Applied Machine Learning Scientist,75000,Bolivia,Remote,United States,Medium,50K–100K
2022,Mid-level,Contract,Analytics Engineer,7500,Bolivia,Hybrid,Bolivia,Medium,<25K
2022,Mid-level,Full-time,Data Analyst,113000,United States,On-site,United States,Large,100K–150K
2022,Senior-level,Full-time,Data Scientist,170000,United States,Remote,United States,Medium,150K–200K
2022,Mid-level,Full-time,Data Analytics Consultant,113000,United States,Remote,United States,Large,100K–150K
2022,Mid-level,Full-time,Product Data Analyst,140000,United States,Remote,United States,Medium,100K–150K
2021,Senior-level,Full-time,Data Analyst,50000,Philippines,Remote,Philippines,Small,25K-50K
2022,Mid-level,Full-time,BI Data Analyst,53368,Australia,Remote,Australia,Medium,50K–100K
2022,Senior-level,Full-time,Lead Data Scientist,29944,Portugal,Hybrid,Portugal,Small,25K-50K
2022,Senior-level,Full-time,Data Scientist,160000,United States,On-site,United States,Large,150K–200K
2022,Senior-level,Full-time,Data Scientist,119300,United States,On-site,United States,Large,100K–150K
2022,Mid-level,Full-time,Research Scientist,145000,United States,Hybrid,United States,Large,100K–150K
2022,Senior-level,Full-time,Data Engineer,90000,United States,On-site,United States,Medium,50K–100K
2022,Senior-level,Full-time,ETL Developer,146200,United States,Remote,United States,Medium,100K–150K
2022,Senior-level,Full-time,ETL Developer,124270,United States,Remote,United States,Medium,100K–150K
2022,Mid-level,Full-time,Data Scientist,225000,United States,On-site,United States,Medium,200K+
2022,Mid-level,Full-time,Data Scientist,160000,United States,On-site,United States,Medium,150K–200K
2022,Mid-level,Full-time,Data Scientist,54634,Netherlands,Remote,Netherlands,Small,50K–100K
2022,Senior-level,Full-time,Data Engineer,185800,Canada,Remote,Canada,Medium,150K–200K
2022,Senior-level,Full-time,Data Engineer,137400,Canada,Remote,Canada,Medium,100K–150K
2022,Senior-level,Full-time,Analytics Engineer,245000,United States,On-site,United States,Medium,200K+
2022,Senior-level,Full-time,Analytics Engineer,180000,United States,On-site,United States,Medium,150K–200K
2022,Senior-level,Full-time,Analytics Engineer,203500,United States,On-site,United States,Medium,200K+
2022,Senior-level,Full-time,Analytics Engineer,152000,United States,On-site,United States,Medium,150K–200K
2022,Senior-level,Full-time,Data Engineer,250000,United States,On-site,United States,Medium,200K+
2022,Senior-level,Full-time,Data Engineer,63000,United States,On-site,United States,Medium,50K–100K
2022,Senior-level,Full-time,Machine Learning Infrastructure Engineer,186000,United States,Remote,United States,Medium,150K–200K
2022,Senior-level,Full-time,Machine Learning Infrastructure Engineer,148800,United States,Remote,United States,Medium,100K–150K
2022,Senior-level,Full-time,Lead Machine Learning Engineer,95386,India,Hybrid,India,Large,50K–100K
2022,Mid-level,Full-time,Machine Learning Engineer,128058,United Kingdom,Hybrid,United Kingdom,Large,100K–150K
2022,Entry-level,Full-time,Data Scientist,82000,United States,On-site,United States,Large,50K–100K
2022,Entry-level,Part-time,Data Scientist,110000,DO,Remote,France,Medium,100K–150K
2022,Mid-level,Full-time,Applied Machine Learning Scientist,173000,United States,Hybrid,United States,Medium,150K–200K
2022,Senior-level,Full-time,Machine Learning Engineer,186000,United States,Remote,United States,Medium,150K–200K
2022,Senior-level,Full-time,Machine Learning Engineer,148800,United States,Remote,United States,Medium,100K–150K
2022,Entry-level,Full-time,BI Data Analyst,6270,Brazil,Remote,Brazil,Large,<25K
2022,Mid-level,Full-time,Data Science Manager,158000,United States,Remote,United States,Medium,150K–200K
2022,Mid-level,Full-time,Data Science Manager,134000,United States,Remote,United States,Medium,100K–150K
2022,Executive-level,Full-time,Analytics Engineer,200000,United States,Remote,United States,Medium,150K–200K
2022,Executive-level,Full-time,Analytics Engineer,150000,United States,Remote,United States,Medium,100K–150K
2022,Senior-level,Full-time,Data Analyst,216200,United States,On-site,United States,Medium,200K+
2022,Senior-level,Full-time,Data Analyst,144100,United States,On-site,United States,Medium,100K–150K
2022,Mid-level,Full-time,Data Scientist,115573,Netherlands,On-site,Netherlands,Medium,100K–150K
2022,Mid-level,Full-time,Data Scientist,89306,Netherlands,On-site,Netherlands,Medium,50K–100K
2022,Senior-level,Full-time,ETL Developer,250000,United States,On-site,United States,Medium,200K+
2022,Senior-level,Full-time,ETL Developer,63000,United States,On-site,United States,Medium,50K–100K
2022,Senior-level,Full-time,Machine Learning Engineer,135000,United States,Remote,United States,Medium,100K–150K
2022,Senior-level,Full-time,Machine Learning Engineer,85000,United States,Remote,United States,Medium,50K–100K
2022,Senior-level,Full-time,Data Science Manager,206000,United States,Remote,United States,Medium,200K+
2022,Senior-level,Full-time,Data Science Manager,175100,United States,Remote,United States,Medium,150K–200K
2022,Senior-level,Full-time,Machine Learning Engineer,189650,United States,On-site,United States,Medium,150K–200K
2022,Senior-level,Full-time,Machine Learning Engineer,164996,United States,On-site,United States,Medium,150K–200K
2022,Senior-level,Full-time,Data Engineer,154000,United States,Remote,United States,Medium,150K–200K
2022,Senior-level,Full-time,Data Engineer,126000,United States,Remote,United States,Medium,100K–150K
2022,Senior-level,Full-time,Machine Learning Engineer,200000,United States,Remote,United States,Large,150K–200K
2022,Senior-level,Full-time,Machine Learning Engineer,150000,United States,Remote,United States,Large,100K–150K
2022,Senior-level,Full-time,Analytics Engineer,135000,United States,Remote,United States,Medium,100K–150K
2022,Mid-level,Full-time,Data Engineer,98506,United Kingdom,On-site,United Kingdom,Medium,50K–100K
2022,Mid-level,Full-time,Data Engineer,73880,United Kingdom,On-site,United Kingdom,Medium,50K–100K
2022,Senior-level,Full-time,Data Analyst,117000,United States,Remote,United States,Medium,100K–150K
2022,Senior-level,Full-time,Data Analyst,99450,United States,Remote,United States,Medium,50K–100K
2022,Senior-level,Full-time,Data Engineer,200000,Puerto Rico,Remote,Puerto Rico,Medium,150K–200K
2022,Senior-level,Full-time,Data Engineer,135000,Puerto Rico,Remote,Puerto Rico,Medium,100K–150K
2022,Senior-level,Full-time,Machine Learning Engineer,193900,United States,On-site,United States,Medium,150K–200K
2022,Senior-level,Full-time,Machine Learning Engineer,129300,United States,On-site,United States,Medium,100K–150K
2022,Entry-level,Full-time,Machine Learning Engineer,55410,United Kingdom,Remote,United Kingdom,Small,50K–100K
2022,Senior-level,Full-time,Data Analyst,86193,United Kingdom,On-site,United Kingdom,Medium,50K–100K
2022,Senior-level,Full-time,Data Analyst,61566,United Kingdom,On-site,United Kingdom,Medium,50K–100K
2022,Senior-level,Full-time,Data Analyst,175000,United States,Remote,United States,Medium,150K–200K
2022,Senior-level,Full-time,Data Analyst,130000,United States,Remote,United States,Medium,100K–150K
2022,Senior-level,Full-time,Data Engineer,188100,United States,On-site,United States,Medium,150K–200K
2022,Senior-level,Full-time,Data Engineer,139860,United States,On-site,United States,Medium,100K–150K
2022,Senior-level,Full-time,Machine Learning Engineer,248700,United States,On-site,United States,Medium,200K+
2022,Senior-level,Full-time,Machine Learning Engineer,167100,United States,On-site,United States,Medium,150K–200K
2022,Mid-level,Full-time,Data Analyst,5723,India,Remote,India,Small,<25K
2022,Mid-level,Full-time,BI Data Analyst,50432,Germany,Remote,Germany,Small,50K–100K
2022,Senior-level,Full-time,Data Scientist,205000,United States,On-site,United States,Medium,200K+
2022,Senior-level,Full-time,Data Architect,141300,United States,On-site,United States,Medium,100K–150K
2022,Senior-level,Full-time,Data Architect,102100,United States,On-site,United States,Medium,100K–150K
2022,Entry-level,Full-time,Data Analyst,50000,Argentina,Remote,Argentina,Large,25K-50K
2022,Entry-level,Full-time,Data Scientist,84053,Belgium,Remote,Belgium,Large,50K–100K
2022,Mid-level,Full-time,Lead Data Scientist,61566,United Kingdom,Hybrid,United Kingdom,Small,50K–100K
2022,Senior-level,Full-time,Data Architect,250000,United States,On-site,United States,Medium,200K+
2022,Senior-level,Full-time,Data Architect,63000,United States,On-site,United States,Medium,50K–100K
2022,Senior-level,Full-time,Data Science Manager,189500,United States,Remote,United States,Large,150K–200K
2022,Senior-level,Full-time,Data Science Manager,140100,United States,Remote,United States,Large,100K–150K
2022,Senior-level,Full-time,Data Engineer,177600,United States,Remote,United States,Large,150K–200K
2022,Senior-level,Full-time,Data Engineer,131300,United States,Remote,United States,Large,100K–150K
2022,Mid-level,Full-time,Data Engineer,24000,United States,On-site,United States,Medium,<25K
2022,Senior-level,Full-time,Machine Learning Engineer,202900,United States,Remote,United States,Large,200K+
2022,Senior-level,Full-time,Data Engineer,115000,United States,Remote,United States,Medium,100K–150K
2022,Entry-level,Full-time,Machine Learning Engineer,115000,United States,Hybrid,United States,Large,100K–150K
2022,Mid-level,Full-time,Machine Learning Engineer,193900,United States,On-site,United States,Medium,150K–200K
2022,Mid-level,Full-time,Machine Learning Engineer,129300,United States,On-site,United States,Medium,100K–150K
2022,Senior-level,Full-time,Data Scientist,140000,United States,Remote,United States,Large,100K–150K
2022,Mid-level,Full-time,Data Analyst,216200,United States,On-site,United States,Medium,200K+
2022,Mid-level,Full-time,Data Analyst,144100,United States,On-site,United States,Medium,100K–150K
2022,Senior-level,Full-time,Machine Learning Scientist,216000,United States,On-site,United States,Medium,200K+
2022,Senior-level,Full-time,Machine Learning Scientist,144000,United States,On-site,United States,Medium,100K–150K
2022,Entry-level,Full-time,Data Analyst,150000,United States,Remote,United States,Large,100K–150K
2021,Entry-level,Full-time,Machine Learning Research Engineer,12171,India,Remote,India,Medium,<25K
2022,Mid-level,Full-time,Data Scientist,53416,India,Remote,Indonesia,Large,50K–100K
2022,Entry-level,Full-time,Applied Data Scientist,50000,Austria,Hybrid,Austria,Medium,25K-50K
2021,Senior-level,Full-time,Cloud Data Architect,250000,United States,Hybrid,United States,Large,200K+
2022,Executive-level,Full-time,Research Scientist,84053,Netherlands,On-site,Netherlands,Large,50K–100K
2022,Mid-level,Full-time,Data Scientist,131752,United Kingdom,Remote,United Kingdom,Medium,100K–150K
2022,Senior-level,Full-time,Analytics Engineer,48000,Argentina,Remote,United States,Small,25K-50K
2022,Executive-level,Full-time,Data Science Manager,260500,United States,On-site,United States,Medium,200K+
2022,Executive-level,Full-time,Data Science Manager,175100,United States,On-site,United States,Medium,150K–200K
2022,Entry-level,Full-time,Data Analyst,55000,United States,Remote,United States,Small,50K–100K
2022,Mid-level,Full-time,Data Analyst,130000,United States,Remote,United States,Medium,100K–150K
2022,Senior-level,Full-time,Applied Machine Learning Scientist,77119,France,Remote,United Kingdom,Large,50K–100K
2022,Entry-level,Full-time,Data Scientist,52008,Belgium,Hybrid,Belgium,Small,50K–100K
2022,Mid-level,Freelance,Applied Machine Learning Scientist,30523,India,Remote,India,Small,25K-50K
2022,Senior-level,Full-time,Data Engineer,206699,United States,On-site,United States,Medium,200K+
2022,Senior-level,Full-time,Data Engineer,99100,United States,On-site,United States,Medium,50K–100K
2022,Mid-level,Full-time,Analytics Engineer,200000,United States,On-site,United States,Medium,150K–200K
2022,Mid-level,Full-time,Analytics Engineer,54000,United States,On-site,United States,Medium,50K–100K
2022,Entry-level,Full-time,Analytics Engineer,130000,United States,Hybrid,United States,Large,100K–150K
2022,Senior-level,Full-time,Data Engineer,100000,United States,On-site,United States,Large,50K–100K
2022,Senior-level,Full-time,Data Engineer,80000,United States,On-site,United States,Large,50K–100K
2022,Senior-level,Full-time,Data Scientist,100000,United States,On-site,United States,Large,50K–100K
2022,Senior-level,Full-time,Data Specialist,221300,United States,Remote,United States,Large,200K+
2022,Senior-level,Full-time,Data Specialist,148700,United States,Remote,United States,Large,100K–150K
2022,Entry-level,Full-time,Machine Learning Engineer,30000,United Kingdom,Remote,United Kingdom,Large,25K-50K
2022,Entry-level,Full-time,Data Analyst,28368,France,Hybrid,France,Medium,25K-50K
2022,Mid-level,Full-time,Data Engineer,91118,United Kingdom,On-site,United Kingdom,Medium,50K–100K
2022,Mid-level,Full-time,Data Engineer,61566,United Kingdom,On-site,United Kingdom,Medium,50K–100K
2022,Mid-level,Full-time,Data Scientist,60938,Germany,Remote,Germany,Small,50K–100K
2022,Senior-level,Full-time,Data Science Manager,249260,United States,On-site,United States,Medium,200K+
2022,Senior-level,Full-time,Data Science Manager,185400,United States,On-site,United States,Medium,150K–200K
2022,Mid-level,Full-time,Data Scientist,80036,United Kingdom,Hybrid,United Kingdom,Medium,50K–100K
2022,Senior-level,Full-time,Data Analyst,128875,United States,Remote,United States,Medium,100K–150K
2022,Senior-level,Full-time,Data Analyst,93700,United States,Remote,United States,Medium,50K–100K
2022,Senior-level,Full-time,Machine Learning Engineer,100000,United States,Remote,United States,Medium,50K–100K
2022,Senior-level,Full-time,Data Analyst,136260,United States,Remote,United States,Medium,100K–150K
2022,Senior-level,Full-time,Data Analyst,109280,United States,Remote,United States,Medium,100K–150K
2022,Senior-level,Full-time,Data Scientist,160000,United States,Remote,United States,Large,150K–200K
2022,Senior-level,Full-time,Data Scientist,92000,United States,Remote,United States,Large,50K–100K
2022,Mid-level,Full-time,Data Engineer,135446,United Kingdom,On-site,United Kingdom,Medium,100K–150K
2022,Mid-level,Full-time,Data Engineer,104663,United Kingdom,On-site,United Kingdom,Medium,100K–150K
2022,Entry-level,Full-time,Data Engineer,129000,United States,Remote,United States,Large,100K–150K
2022,Entry-level,Full-time,Data Engineer,86000,United States,Remote,United States,Large,50K–100K
2020,Entry-level,Full-time,Data Engineer,13493,India,Remote,India,Large,<25K
2022,Senior-level,Full-time,Business Data Analyst,100000,United States,Remote,United States,Large,50K–100K
2022,Mid-level,Full-time,Data Scientist,25000,Turkey,Hybrid,Turkey,Medium,<25K
2022,Mid-level,Full-time,Data Analyst,65257,Singapore,Hybrid,Singapore,Medium,50K–100K
2022,Mid-level,Full-time,AI Scientist,200000,United States,Remote,United States,Medium,150K–200K
2022,Entry-level,Full-time,Machine Learning Developer,180000,United States,Remote,United States,Large,150K–200K
2022,Mid-level,Full-time,Data Scientist,153000,United States,Remote,United States,Large,150K–200K
2022,Senior-level,Full-time,Data Analyst,150075,United States,Remote,United States,Medium,150K–200K
2022,Senior-level,Full-time,Data Analyst,110925,United States,Remote,United States,Medium,100K–150K
2022,Mid-level,Full-time,Machine Learning Scientist,22800,Egypt,Remote,Egypt,Medium,<25K
2020,Entry-level,Full-time,Data Analyst,22809,Portugal,Remote,Portugal,Medium,<25K
2022,Entry-level,Full-time,Data Analyst,15000,Indonesia,On-site,Indonesia,Large,<25K
2022,Senior-level,Full-time,Data Science Manager,133766,Australia,Remote,Australia,Large,100K–150K
2022,Entry-level,Full-time,Machine Learning Engineer,83000,United States,On-site,United States,Large,50K–100K
2022,Senior-level,Full-time,Data Scientist,186000,United States,On-site,United States,Medium,150K–200K
2022,Senior-level,Full-time,Data Scientist,148800,United States,On-site,United States,Medium,100K–150K
2022,Senior-level,Full-time,Data Analyst,112900,United States,On-site,United States,Medium,100K–150K
2022,Senior-level,Full-time,Data Analyst,90320,United States,On-site,United States,Medium,50K–100K
2022,Senior-level,Full-time,ML Engineer,240000,United States,On-site,United States,Medium,200K+
2022,Senior-level,Full-time,ML Engineer,160000,United States,On-site,United States,Medium,150K–200K
2022,Senior-level,Full-time,Data Science Manager,300000,United States,Remote,United States,Medium,200K+
2022,Senior-level,Full-time,Data Science Manager,200000,United States,Remote,United States,Medium,150K–200K
2022,Mid-level,Full-time,Data Engineer,65666,Germany,Hybrid,Germany,Small,50K–100K
2022,Mid-level,Full-time,AI Scientist,200000,India,Remote,United States,Large,150K–200K
2022,Mid-level,Full-time,Machine Learning Engineer,116976,United Kingdom,On-site,United Kingdom,Medium,100K–150K
2022,Mid-level,Full-time,Machine Learning Engineer,92350,United Kingdom,On-site,United Kingdom,Medium,50K–100K
2022,Mid-level,Full-time,AI Scientist,120000,United States,On-site,United States,Medium,100K–150K
2022,Senior-level,Full-time,Data Analyst,112900,United States,Remote,United States,Medium,100K–150K
2022,Senior-level,Full-time,Data Analyst,90320,United States,Remote,United States,Medium,50K–100K
2022,Senior-level,Full-time,Data Analytics Manager,145000,United States,Remote,United States,Medium,100K–150K
2022,Senior-level,Full-time,Data Analytics Manager,105400,United States,Remote,United States,Medium,100K–150K
2020,Entry-level,Full-time,Data Scientist,49268,Germany,On-site,Germany,Small,25K-50K
2022,Senior-level,Full-time,Data Scientist,215300,United States,Remote,United States,Large,200K+
2022,Senior-level,Full-time,Data Scientist,158200,United States,Remote,United States,Large,150K–200K
2022,Senior-level,Full-time,Data Engineer,209100,United States,Remote,United States,Large,200K+
2022,Senior-level,Full-time,Data Engineer,154600,United States,Remote,United States,Large,150K–200K
2022,Senior-level,Full-time,Data Analyst,115934,United States,On-site,United States,Medium,100K–150K
2022,Senior-level,Full-time,Data Analyst,81666,United States,On-site,United States,Medium,50K–100K
2022,Senior-level,Full-time,Data Engineer,155000,United States,Remote,United States,Medium,150K–200K
2022,Mid-level,Full-time,Machine Learning Engineer,84053,France,Remote,Germany,Medium,50K–100K
2022,Senior-level,Full-time,Data Analyst,164000,United States,On-site,United States,Medium,150K–200K
2022,Senior-level,Full-time,Data Analyst,132000,United States,On-site,United States,Medium,100K–150K
2022,Senior-level,Full-time,Data Scientist,123000,United States,Remote,United States,Medium,100K–150K
2022,Mid-level,Full-time,ETL Developer,52533,Greece,On-site,Greece,Medium,50K–100K
2022,Executive-level,Full-time,Lead Data Engineer,115222,Canada,Remote,Canada,Small,100K–150K
2022,Senior-level,Full-time,Data Engineer,165400,United States,Remote,United States,Medium,150K–200K
2022,Senior-level,Full-time,Data Engineer,132320,United States,Remote,United States,Medium,100K–150K
2022,Senior-level,Full-time,Data Architect,208775,United States,Remote,United States,Medium,200K+
2022,Senior-level,Full-time,Data Architect,147800,United States,Remote,United States,Medium,100K–150K
2022,Senior-level,Full-time,Data Engineer,136994,United States,Remote,United States,Medium,100K–150K
2022,Senior-level,Full-time,Data Engineer,101570,United States,Remote,United States,Medium,100K–150K
2022,Executive-level,Full-time,Head of Machine Learning,76309,India,Hybrid,India,Large,50K–100K
2022,Entry-level,Full-time,Machine Learning Engineer,35093,United Kingdom,Remote,United Kingdom,Large,25K-50K
2022,Senior-level,Full-time,Data Engineer,183600,United States,Remote,United States,Large,150K–200K
2022,Senior-level,Full-time,Data Engineer,100800,United States,Remote,United States,Large,100K–150K
2022,Mid-level,Full-time,Data Analyst,49253,United Kingdom,Remote,United Kingdom,Medium,25K-50K
2022,Mid-level,Full-time,Data Analyst,36940,United Kingdom,Remote,United Kingdom,Medium,25K-50K
2022,Mid-level,Full-time,Data Analyst,42026,Spain,Remote,Spain,Medium,25K-50K
2022,Mid-level,Full-time,Data Analyst,31520,Spain,Remote,Spain,Medium,25K-50K
2022,Mid-level,Full-time,Data Analyst,42026,Greece,Remote,Greece,Medium,25K-50K
2022,Mid-level,Full-time,Data Analyst,31520,Greece,Remote,Greece,Medium,25K-50K
2022,Senior-level,Full-time,Data Scientist,215300,United States,On-site,United States,Large,200K+
2022,Senior-level,Full-time,Data Scientist,140400,United States,On-site,United States,Large,100K–150K
2022,Mid-level,Full-time,Data Engineer,63040,Spain,Remote,Spain,Medium,50K–100K
2022,Mid-level,Full-time,Data Engineer,47280,Spain,Remote,Spain,Medium,25K-50K
2022,Senior-level,Full-time,Data Scientist,260000,United States,Remote,United States,Medium,200K+
2022,Mid-level,Full-time,Data Scientist,43096,United Kingdom,On-site,United Kingdom,Medium,25K-50K
2022,Mid-level,Full-time,Data Engineer,63040,Greece,Remote,Greece,Medium,50K–100K
2022,Mid-level,Full-time,Data Engineer,47280,Greece,Remote,Greece,Medium,25K-50K
2022,Mid-level,Full-time,Data Engineer,55410,United Kingdom,Remote,United Kingdom,Medium,50K–100K
2021,Mid-level,Full-time,Machine Learning Engineer,51064,Italy,Hybrid,Italy,Large,50K–100K
2022,Senior-level,Full-time,Data Science Engineer,60000,Argentina,Remote,Mexico,Large,50K–100K
2022,Mid-level,Full-time,Data Engineer,82900,United States,On-site,United States,Medium,50K–100K
2022,Mid-level,Full-time,Data Engineer,63900,United States,On-site,United States,Medium,50K–100K
2022,Mid-level,Full-time,Machine Learning Scientist,160000,United States,Remote,United States,Large,150K–200K
2022,Mid-level,Full-time,Machine Learning Scientist,112300,United States,Remote,United States,Large,100K–150K
2022,Mid-level,Full-time,Data Science Manager,241000,United States,Remote,United States,Medium,200K+
2022,Mid-level,Full-time,Data Science Manager,159000,United States,Remote,United States,Medium,150K–200K
2022,Senior-level,Full-time,Data Scientist,80000,United States,On-site,United States,Medium,50K–100K
2022,Mid-level,Full-time,Data Analyst,58000,United States,On-site,United States,Small,50K–100K
2022,Senior-level,Full-time,Data Engineer,136000,United States,On-site,United States,Medium,100K–150K
2022,Senior-level,Full-time,Data Engineer,108800,United States,On-site,United States,Medium,100K–150K
2022,Executive-level,Full-time,Data Engineer,242000,United States,Remote,United States,Medium,200K+
2022,Executive-level,Full-time,Data Engineer,200000,United States,Remote,United States,Medium,150K–200K
2022,Mid-level,Full-time,Data Scientist,61566,United Kingdom,On-site,United Kingdom,Medium,50K–100K
2022,Mid-level,Full-time,Data Scientist,36940,United Kingdom,On-site,United Kingdom,Medium,25K-50K
2022,Mid-level,Full-time,Data Engineer,49253,United Kingdom,On-site,United Kingdom,Medium,25K-50K
2022,Senior-level,Full-time,Data Scientist,165220,United States,Remote,United States,Medium,150K–200K
2022,Senior-level,Full-time,Data Scientist,120160,United States,Remote,United States,Medium,100K–150K
2022,Senior-level,Full-time,Data Analyst,124190,United States,Remote,United States,Medium,100K–150K
2022,Senior-level,Full-time,Data Engineer,181940,United States,On-site,United States,Medium,150K–200K
2022,Senior-level,Full-time,Data Engineer,132320,United States,On-site,United States,Medium,100K–150K
2022,Senior-level,Full-time,Data Engineer,220110,United States,On-site,United States,Medium,200K+
2022,Senior-level,Full-time,Data Engineer,160080,United States,On-site,United States,Medium,150K–200K
2022,Senior-level,Full-time,Data Scientist,180000,United States,On-site,United States,Large,150K–200K
2022,Senior-level,Full-time,Data Scientist,120000,United States,On-site,United States,Large,100K–150K
2022,Mid-level,Full-time,Data Analyst,126500,United States,On-site,United States,Medium,100K–150K
2022,Mid-level,Full-time,Data Analyst,106260,United States,On-site,United States,Medium,100K–150K
2022,Senior-level,Full-time,Data Analyst,116000,United States,On-site,United States,Medium,100K–150K
2022,Senior-level,Full-time,Data Analyst,155000,United States,Remote,United States,Medium,150K–200K
2022,Senior-level,Full-time,Data Analyst,120600,United States,Remote,United States,Medium,100K–150K
2022,Mid-level,Full-time,Data Scientist,130000,United States,On-site,United States,Medium,100K–150K
2022,Mid-level,Full-time,Data Scientist,90000,United States,On-site,United States,Medium,50K–100K
2022,Mid-level,Full-time,Data Engineer,170000,United States,Remote,United States,Medium,150K–200K
2022,Senior-level,Full-time,Data Analyst,102100,United States,Remote,United States,Medium,100K–150K
2022,Senior-level,Full-time,Data Analyst,84900,United States,Remote,United States,Medium,50K–100K
2022,Senior-level,Full-time,Data Scientist,136620,United States,Remote,United States,Medium,100K–150K
2022,Senior-level,Full-time,Data Scientist,99360,United States,Remote,United States,Medium,50K–100K
2022,Senior-level,Full-time,Data Scientist,110820,United Kingdom,On-site,United Kingdom,Medium,100K–150K
2022,Senior-level,Full-time,Data Scientist,98506,United Kingdom,On-site,United Kingdom,Medium,50K–100K
2022,Senior-level,Full-time,Data Scientist,146000,United States,Remote,United States,Medium,100K–150K
2022,Entry-level,Full-time,Data Engineer,43096,United Kingdom,Remote,United Kingdom,Medium,25K-50K
2022,Executive-level,Full-time,Data Analyst,130000,United States,Remote,United States,Medium,100K–150K
2022,Executive-level,Full-time,Data Analyst,110000,United States,Remote,United States,Medium,100K–150K
2022,Senior-level,Full-time,Data Analyst,170000,United States,Remote,United States,Medium,150K–200K
2022,Senior-level,Full-time,Data Science Manager,161342,United States,Remote,United States,Medium,150K–200K
2022,Senior-level,Full-time,Data Science Manager,137141,United States,Remote,United States,Medium,100K–150K
2022,Senior-level,Full-time,Data Scientist,167000,United States,Remote,United States,Medium,150K–200K
2022,Senior-level,Full-time,Data Engineer,73880,United Kingdom,On-site,United Kingdom,Medium,50K–100K
2022,Senior-level,Full-time,Data Engineer,61566,United Kingdom,On-site,United Kingdom,Medium,50K–100K
2022,Senior-level,Full-time,Data Scientist,211500,United States,Remote,United States,Medium,200K+
2022,Senior-level,Full-time,Data Scientist,138600,United States,Remote,United States,Medium,100K–150K
2022,Senior-level,Full-time,Data Architect,192400,Canada,Remote,Canada,Medium,150K–200K
2022,Senior-level,Full-time,Data Architect,90700,Canada,Remote,Canada,Medium,50K–100K
2022,Senior-level,Full-time,Data Analyst,130000,Canada,Remote,Canada,Medium,100K–150K
2022,Senior-level,Full-time,Data Analyst,61300,Canada,Remote,Canada,Medium,50K–100K
2022,Senior-level,Full-time,Data Engineer,160000,United States,On-site,United States,Large,150K–200K
2022,Senior-level,Full-time,Data Engineer,113000,United States,On-site,United States,Large,100K–150K
2022,Senior-level,Full-time,Data Scientist,95550,United States,On-site,United States,Medium,50K–100K
2022,Mid-level,Full-time,Data Analyst,167000,United States,Remote,United States,Medium,150K–200K
2022,Mid-level,Full-time,Data Analyst,115500,United States,Remote,United States,Medium,100K–150K
2022,Senior-level,Full-time,Data Engineer,243900,United States,Remote,United States,Medium,200K+
2022,Senior-level,Full-time,Data Engineer,156600,United States,Remote,United States,Medium,150K–200K
2022,Senior-level,Full-time,Data Analyst,136600,United States,Remote,United States,Medium,100K–150K
2022,Senior-level,Full-time,Data Engineer,128875,United States,Remote,United States,Medium,100K–150K
2022,Senior-level,Full-time,Data Engineer,93700,United States,Remote,United States,Medium,50K–100K
2022,Executive-level,Full-time,Head of Data Science,224000,United States,Remote,United States,Medium,200K+
2022,Executive-level,Full-time,Head of Data Science,167875,United States,Remote,United States,Medium,150K–200K
2022,Executive-level,Full-time,Analytics Engineer,175000,United States,Remote,United States,Medium,150K–200K
2022,Executive-level,Full-time,Analytics Engineer,135000,United States,Remote,United States,Medium,100K–150K
2022,Senior-level,Full-time,Data Scientist,205300,United States,On-site,United States,Large,200K+
2022,Senior-level,Full-time,Data Scientist,176000,United States,Remote,United States,Medium,150K–200K
2022,Senior-level,Full-time,Data Engineer,200100,United States,Remote,United States,Medium,200K+
2022,Senior-level,Full-time,Data Engineer,70500,United States,On-site,United States,Medium,50K–100K
2022,Senior-level,Full-time,Data Engineer,54000,United States,On-site,United States,Medium,50K–100K
2022,Senior-level,Full-time,Data Scientist,205300,United States,On-site,United States,Medium,200K+
2022,Senior-level,Full-time,Data Scientist,140400,United States,On-site,United States,Medium,100K–150K
2022,Senior-level,Full-time,Analytics Engineer,205300,United States,On-site,United States,Medium,200K+
2022,Senior-level,Full-time,Analytics Engineer,184700,United States,On-site,United States,Medium,150K–200K
2022,Senior-level,Full-time,Data Engineer,175100,United States,Remote,United States,Medium,150K–200K
2022,Senior-level,Full-time,Data Engineer,140250,United States,Remote,United States,Medium,100K–150K
2022,Senior-level,Full-time,Data Analyst,116150,United States,Remote,United States,Medium,100K–150K
2022,Senior-level,Full-time,Data Analyst,99050,United States,Remote,United States,Medium,50K–100K
2022,Mid-level,Full-time,Data Analyst,85000,Canada,On-site,Canada,Medium,50K–100K
2022,Mid-level,Full-time,Data Analyst,75000,Canada,On-site,Canada,Medium,50K–100K
2022,Senior-level,Full-time,Machine Learning Engineer,214000,United States,Remote,United States,Medium,200K+
2022,Senior-level,Full-time,Machine Learning Engineer,192600,United States,Remote,United States,Medium,150K–200K
2022,Senior-level,Full-time,Data Architect,266400,United States,Remote,United States,Medium,200K+
2022,Senior-level,Full-time,Data Architect,213120,United States,Remote,United States,Medium,200K+
2022,Mid-level,Full-time,Data Scientist,141300,United States,On-site,United States,Medium,100K–150K
2022,Mid-level,Full-time,Data Scientist,102100,United States,On-site,United States,Medium,100K–150K
2022,Mid-level,Full-time,Data Engineer,206699,United States,On-site,United States,Medium,200K+
2022,Mid-level,Full-time,Data Engineer,99100,United States,On-site,United States,Medium,50K–100K
2022,Senior-level,Full-time,Data Engineer,110500,United States,Remote,United States,Medium,100K–150K
2022,Mid-level,Full-time,Data Analyst,61566,United Kingdom,On-site,United Kingdom,Medium,50K–100K
2022,Mid-level,Full-time,Data Analyst,43096,United Kingdom,On-site,United Kingdom,Medium,25K-50K
2022,Senior-level,Full-time,Data Analyst,80000,United States,Remote,United States,Medium,50K–100K
2022,Senior-level,Full-time,Data Analyst,60000,United States,Remote,United States,Medium,50K–100K
2022,Senior-level,Full-time,Data Scientist,230000,United States,Remote,United States,Medium,200K+
2022,Senior-level,Full-time,Data Analytics Manager,150260,United States,Remote,United States,Medium,150K–200K
2022,Senior-level,Full-time,Data Analytics Manager,109280,United States,Remote,United States,Medium,100K–150K
2022,Mid-level,Full-time,Data Scientist,160000,United States,Remote,United States,Medium,150K–200K
2022,Entry-level,Full-time,Data Analyst,67000,Canada,On-site,Canada,Medium,50K–100K
2022,Entry-level,Full-time,Data Analyst,52000,Canada,On-site,Canada,Medium,50K–100K
2022,Senior-level,Full-time,Data Analyst,129000,United States,On-site,United States,Medium,100K–150K
2022,Senior-level,Full-time,Data Analyst,69000,United States,Remote,United States,Medium,50K–100K
2022,Senior-level,Full-time,Data Engineer,25000,United States,Remote,United States,Medium,<25K
2022,Senior-level,Full-time,Data Analyst,126500,United States,Remote,United States,Medium,100K–150K
2022,Senior-level,Full-time,Data Analyst,106260,United States,Remote,United States,Medium,100K–150K
2022,Senior-level,Full-time,Data Engineer,220110,United States,Remote,United States,Medium,200K+
2022,Senior-level,Full-time,Data Engineer,160080,United States,Remote,United States,Medium,150K–200K
2022,Senior-level,Full-time,Data Analyst,105000,United States,Remote,United States,Medium,100K–150K
2022,Mid-level,Full-time,Data Analyst,135000,United States,Remote,United States,Medium,100K–150K
2022,Mid-level,Full-time,Data Analyst,50000,United States,Remote,United States,Medium,25K-50K
2022,Senior-level,Full-time,Data Scientist,220000,United States,Remote,United States,Medium,200K+
2022,Mid-level,Full-time,Data Scientist,172386,United Kingdom,On-site,United Kingdom,Medium,150K–200K
2022,Mid-level,Full-time,Data Scientist,86193,United Kingdom,On-site,United Kingdom,Medium,50K–100K
2022,Senior-level,Full-time,Machine Learning Engineer,220000,United States,Remote,United States,Medium,200K+
2022,Senior-level,Full-time,Machine Learning Engineer,120000,United States,Remote,United States,Medium,100K–150K
2022,Mid-level,Full-time,Data Scientist,200000,United States,Remote,United States,Medium,150K–200K
2022,Senior-level,Full-time,Machine Learning Engineer,120000,United Arab Emirates,Remote,United Arab Emirates,Small,100K–150K
2022,Senior-level,Full-time,Machine Learning Engineer,65000,United Arab Emirates,Remote,United Arab Emirates,Small,50K–100K
2022,Executive-level,Full-time,Data Engineer,324000,United States,Remote,United States,Medium,200K+
2022,Executive-level,Full-time,Data Engineer,216000,United States,Remote,United States,Medium,200K+
2022,Senior-level,Full-time,Data Scientist,185100,United States,Remote,United States,Medium,150K–200K
2022,Senior-level,Full-time,Data Scientist,104890,United States,Remote,United States,Medium,100K–150K
2022,Mid-level,Full-time,Machine Learning Developer,76814,Canada,Remote,Canada,Medium,50K–100K
2020,Senior-level,Full-time,Machine Learning Manager,117104,Canada,Hybrid,Canada,Large,100K–150K
2022,Executive-level,Full-time,Director of Data Science,192037,Canada,Hybrid,Canada,Large,150K–200K
2022,Mid-level,Full-time,Machine Learning Engineer,120000,United States,Remote,United States,Small,100K–150K
2022,Mid-level,Full-time,Business Data Analyst,17805,India,Remote,India,Medium,<25K
2022,Mid-level,Full-time,Data Scientist,30523,India,Remote,India,Large,25K-50K
2022,Mid-level,Full-time,Machine Learning Infrastructure Engineer,55685,Portugal,Hybrid,Portugal,Large,50K–100K
2022,Mid-level,Part-time,Data Engineer,52533,Germany,Hybrid,Germany,Large,50K–100K
2022,Entry-level,Full-time,Data Scientist,17805,India,Remote,India,Medium,<25K
2022,Mid-level,Full-time,Applied Machine Learning Scientist,75000,Bolivia,Remote,United States,Large,50K–100K
2022,Mid-level,Full-time,Applied Data Scientist,157000,United States,Remote,United States,Large,150K–200K
2022,Mid-level,Full-time,Business Data Analyst,69133,Canada,Hybrid,Canada,Large,50K–100K
2022,Entry-level,Full-time,Data Engineer,65000,United States,Remote,United States,Small,50K–100K
2022,Senior-level,Full-time,Machine Learning Engineer,68293,Ireland,Remote,Ireland,Small,50K–100K
2021,Mid-level,Full-time,Data Scientist,109000,United States,Hybrid,United States,Large,100K–150K
2022,Mid-level,Full-time,Data Scientist,67597,Canada,Remote,Canada,Medium,50K–100K
2022,Entry-level,Full-time,Computer Vision Engineer,10000,Portugal,Remote,Luxembourg,Medium,<25K
2022,Mid-level,Full-time,Data Analyst,20000,Greece,Remote,Greece,Small,<25K
2021,Senior-level,Full-time,Head of Data,102839,Slovenia,Remote,Slovenia,Large,100K–150K
2022,Senior-level,Full-time,Head of Data,200000,Malaysia,Remote,United States,Medium,150K–200K
2022,Entry-level,Full-time,Data Scientist,51081,Canada,Remote,Canada,Large,50K–100K
2022,Mid-level,Full-time,Machine Learning Engineer,83864,Australia,Remote,Australia,Large,50K–100K
2022,Entry-level,Full-time,Data Scientist,40000,Japan,Remote,Malaysia,Large,25K-50K
2022,Mid-level,Full-time,Head of Data,31520,Estonia,Remote,Estonia,Small,25K-50K
2022,Senior-level,Full-time,Machine Learning Engineer,59888,Netherlands,Remote,Netherlands,Large,50K–100K
2020,Entry-level,Full-time,Data Engineer,54742,Pakistan,Remote,Germany,Large,50K–100K
2022,Senior-level,Full-time,Research Scientist,89306,France,Hybrid,France,Large,50K–100K
2022,Entry-level,Full-time,Data Scientist,83171,Australia,Hybrid,Australia,Medium,50K–100K
2022,Senior-level,Full-time,Data Scientist,165000,United States,Remote,United States,Medium,150K–200K
2022,Mid-level,Full-time,Machine Learning Scientist,153000,United States,Hybrid,United States,Medium,150K–200K
2022,Senior-level,Full-time,Data Scientist,100000,Brazil,Remote,United States,Medium,50K–100K
2022,Senior-level,Full-time,Machine Learning Developer,76814,Canada,Remote,Canada,Medium,50K–100K
2022,Mid-level,Full-time,Data Scientist,33609,Poland,Remote,Poland,Large,25K-50K
2022,Mid-level,Full-time,Principal Data Analyst,75000,Canada,Remote,Canada,Small,50K–100K
2020,Mid-level,Full-time,Product Data Analyst,20000,Honduras,On-site,Honduras,Small,<25K
2022,Entry-level,Contract,Applied Machine Learning Scientist,30469,TN,Remote,Czech Republic,Medium,25K-50K
2021,Mid-level,Full-time,Research Scientist,69999,Czech Republic,Hybrid,Czech Republic,Large,50K–100K
2022,Entry-level,Full-time,Data Engineer,55475,Pakistan,Remote,Germany,Medium,50K–100K
2022,Mid-level,Full-time,Research Scientist,61989,Austria,On-site,Austria,Large,50K–100K
2022,Senior-level,Full-time,Data Science Manager,152500,United States,Remote,United States,Medium,150K–200K
2022,Entry-level,Full-time,Research Scientist,120000,United States,Remote,United States,Large,100K–150K
2022,Mid-level,Full-time,Data Scientist,135000,United States,Remote,United States,Large,100K–150K
2022,Senior-level,Full-time,Data Analytics Lead,405000,United States,Remote,United States,Large,200K+
2021,Senior-level,Full-time,Data Engineer,150000,United States,On-site,United States,Large,100K–150K
2021,Senior-level,Full-time,Data Science Manager,240000,United States,On-site,United States,Large,200K+
2021,Mid-level,Full-time,Data Analyst,135000,United States,Remote,United States,Large,100K–150K
2021,Entry-level,Full-time,Data Scientist,80000,United States,Remote,United States,Medium,50K–100K
2022,Senior-level,Full-time,Applied Data Scientist,380000,United States,Remote,United States,Large,200K+
2022,Mid-level,Full-time,Data Scientist,120402,Switzerland,On-site,Switzerland,Large,100K–150K
2022,Senior-level,Full-time,Applied Data Scientist,177000,United States,Remote,United States,Large,150K–200K
2022,Mid-level,Full-time,Data Engineer,65141,France,Remote,France,Medium,50K–100K
2022,Mid-level,Full-time,Data Scientist,48000,Russia,Remote,United States,Small,25K-50K
2022,Entry-level,Full-time,Data Analytics Engineer,20000,Pakistan,On-site,Pakistan,Medium,<25K
2021,Senior-level,Full-time,Principal Data Scientist,220000,United States,On-site,United States,Large,200K+
2021,Mid-level,Full-time,ML Engineer,77364,Japan,Hybrid,Japan,Small,50K–100K
2021,Mid-level,Full-time,ML Engineer,63711,Japan,Hybrid,Japan,Small,50K–100K
2022,Entry-level,Full-time,Computer Vision Software Engineer,150000,Australia,Remote,Australia,Small,100K–150K
2021,Mid-level,Full-time,Data Analyst,90000,United States,Remote,United States,Medium,50K–100K
2022,Mid-level,Freelance,Data Scientist,100000,Canada,Remote,United States,Medium,50K–100K
2021,Entry-level,Full-time,Data Scientist,100000,United States,On-site,United States,Small,50K–100K
2022,Entry-level,Part-time,Data Scientist,100000,Algeria,Hybrid,Algeria,Medium,50K–100K
2022,Senior-level,Full-time,Research Scientist,144000,United States,Hybrid,United States,Large,100K–150K
2022,Senior-level,Full-time,Principal Data Scientist,155499,Germany,Remote,Germany,Medium,150K–200K
2021,Senior-level,Full-time,Computer Vision Engineer,24000,Brazil,Remote,Brazil,Medium,<25K
2021,Mid-level,Full-time,Applied Machine Learning Scientist,38400,Vietnam,Remote,United States,Medium,25K-50K
2022,Entry-level,Full-time,Financial Data Analyst,100000,United States,Hybrid,United States,Large,50K–100K
2021,Mid-level,Full-time,Data Scientist,82500,United States,Remote,United States,Small,50K–100K
2021,Entry-level,Full-time,Data Scientist,49646,France,Hybrid,France,Medium,25K-50K
2021,Senior-level,Full-time,Lead Data Scientist,40570,India,Hybrid,India,Large,25K-50K
2022,Entry-level,Full-time,Data Engineer,120000,United States,Remote,United States,Medium,100K–150K
2022,Senior-level,Full-time,Lead Machine Learning Engineer,84053,Germany,On-site,Germany,Medium,50K–100K
2021,Entry-level,Full-time,Machine Learning Engineer,20000,India,Remote,India,Small,<25K
2022,Entry-level,Full-time,Computer Vision Engineer,125000,United States,On-site,United States,Medium,100K–150K
2021,Mid-level,Full-time,Data Scientist,9466,India,On-site,India,Small,<25K
2021,Senior-level,Full-time,Machine Learning Scientist,120000,United States,Hybrid,United States,Small,100K–150K
2021,Entry-level,Part-time,Data Analyst,10354,Spain,Hybrid,Spain,Medium,<25K
2021,Entry-level,Full-time,Applied Data Scientist,110037,United Kingdom,On-site,United Kingdom,Large,100K–150K
2022,Entry-level,Full-time,ML Engineer,21013,Portugal,Remote,Portugal,Large,<25K
2021,Entry-level,Full-time,Data Analyst,50000,United States,Remote,United States,Medium,25K-50K
2021,Senior-level,Full-time,Principal Data Engineer,200000,United States,Remote,United States,Medium,150K–200K
2021,Mid-level,Full-time,Big Data Engineer,60000,Spain,Hybrid,Romania,Medium,50K–100K
2021,Mid-level,Full-time,Data Engineer,200000,United States,Remote,United States,Large,150K–200K
2021,Entry-level,Full-time,Machine Learning Developer,100000,Iraq,Hybrid,Iraq,Small,50K–100K
2021,Mid-level,Full-time,Data Engineer,100000,United States,Remote,United States,Large,50K–100K
2021,Senior-level,Full-time,Machine Learning Engineer,82744,Belgium,Hybrid,Belgium,Medium,50K–100K
2020,Mid-level,Full-time,Data Engineer,59303,Germany,Remote,Germany,Small,50K–100K
2021,Mid-level,Full-time,Research Scientist,62649,France,Hybrid,France,Medium,50K–100K
2021,Mid-level,Full-time,Data Engineer,82528,United Kingdom,Remote,United Kingdom,Large,50K–100K
2021,Mid-level,Full-time,Data Architect,170000,United States,Remote,United States,Large,150K–200K
2021,Mid-level,Full-time,Data Architect,150000,United States,Remote,United States,Large,100K–150K
2021,Entry-level,Full-time,BI Data Analyst,55000,United States,Hybrid,United States,Small,50K–100K
2021,Executive-level,Full-time,Director of Data Science,250000,United States,On-site,United States,Large,200K+
2021,Entry-level,Full-time,Data Engineer,80000,United States,Remote,United States,Large,50K–100K
2020,Entry-level,Full-time,Big Data Engineer,70000,United States,Remote,United States,Large,50K–100K
2021,Executive-level,Full-time,Director of Data Science,130026,Germany,Hybrid,Germany,Medium,100K–150K
2021,Entry-level,Full-time,Data Science Consultant,63831,Germany,Hybrid,Germany,Large,50K–100K
2020,Senior-level,Full-time,Data Scientist,68428,Greece,Remote,United States,Large,50K–100K
2021,Executive-level,Full-time,Head of Data Science,85000,Russia,On-site,Russia,Medium,50K–100K
2021,Executive-level,Full-time,Head of Data,230000,Russia,Hybrid,Russia,Large,200K+
2021,Entry-level,Full-time,Machine Learning Engineer,125000,United States,Remote,United States,Small,100K–150K
2021,Senior-level,Full-time,Data Analytics Manager,120000,United States,Remote,United States,Medium,100K–150K
2020,Mid-level,Full-time,Research Scientist,450000,United States,On-site,United States,Medium,200K+
2020,Mid-level,Full-time,Data Analyst,46759,France,Hybrid,France,Large,25K-50K
2020,Mid-level,Full-time,Data Engineer,74130,Austria,Hybrid,Austria,Large,50K–100K
2021,Senior-level,Full-time,Data Science Engineer,127221,Canada,Hybrid,Canada,Large,100K–150K
2021,Senior-level,Full-time,Data Science Manager,144000,United States,Remote,United States,Large,100K–150K
2021,Entry-level,Full-time,Data Scientist,13400,Ukraine,Remote,Ukraine,Large,<25K
2021,Mid-level,Full-time,Data Scientist,75774,Canada,Remote,Canada,Large,50K–100K
2021,Mid-level,Full-time,Data Scientist,150000,United States,Remote,United States,Medium,100K–150K
2020,Mid-level,Full-time,Data Science Consultant,103000,United States,Remote,United States,Large,100K–150K
2021,Senior-level,Full-time,Data Engineer,153000,United States,Remote,United States,Large,150K–200K
2021,Mid-level,Full-time,Data Engineer,90000,United States,Remote,United States,Large,50K–100K
2021,Entry-level,Full-time,Data Analyst,90000,United States,Remote,United States,Small,50K–100K
2021,Entry-level,Full-time,Data Analyst,60000,United States,Remote,United States,Small,50K–100K
2021,Mid-level,Full-time,Data Scientist,50000,Nigeria,Remote,Nigeria,Large,25K-50K
2021,Entry-level,Part-time,AI Scientist,12000,Pakistan,Remote,United States,Medium,<25K
2021,Mid-level,Part-time,3D Computer Vision Researcher,5409,India,Hybrid,India,Medium,<25K
2021,Mid-level,Contract,ML Engineer,270000,United States,Remote,United States,Large,200K+
2021,Mid-level,Full-time,Applied Data Scientist,54238,United Kingdom,Hybrid,Canada,Large,50K–100K
2021,Mid-level,Full-time,Machine Learning Engineer,47282,Spain,Remote,Spain,Small,25K-50K
2021,Executive-level,Full-time,Director of Data Science,153667,Italy,Remote,Poland,Large,150K–200K
2021,Mid-level,Full-time,Data Engineer,28476,Poland,Remote,Poland,Large,25K-50K
2021,Mid-level,Full-time,Data Analytics Engineer,110000,United States,Remote,United States,Large,100K–150K
2021,Entry-level,Full-time,Research Scientist,82528,United Kingdom,Hybrid,United Kingdom,Large,50K–100K
2020,Entry-level,Full-time,Machine Learning Engineer,250000,United States,Hybrid,United States,Large,200K+
2021,Entry-level,Full-time,Data Analyst,59102,France,Hybrid,France,Medium,50K–100K
2021,Senior-level,Full-time,Data Analyst,80000,BG,Remote,United States,Small,50K–100K
2020,Entry-level,Full-time,Data Analyst,10000,Nigeria,Remote,Nigeria,Small,<25K
2020,Entry-level,Full-time,Machine Learning Engineer,138000,United States,Remote,United States,Small,100K–150K
2021,Mid-level,Full-time,Data Engineer,140000,United States,Remote,United States,Large,100K–150K
2021,Senior-level,Full-time,Data Analytics Engineer,79197,Germany,Remote,Germany,Large,50K–100K
2021,Senior-level,Full-time,Lead Data Analyst,170000,United States,Remote,United States,Large,150K–200K
2021,Entry-level,Full-time,Data Analyst,80000,United States,Remote,United States,Medium,50K–100K
2020,Mid-level,Full-time,Data Scientist,45760,Philippines,Remote,United States,Small,25K-50K
2021,Mid-level,Full-time,BI Data Analyst,100000,United States,Remote,United States,Medium,50K–100K
2021,Senior-level,Full-time,Data Scientist,53192,France,Hybrid,France,Large,50K–100K
2021,Executive-level,Full-time,Head of Data,235000,United States,Remote,United States,Large,200K+
2021,Executive-level,Full-time,BI Data Analyst,150000,India,Remote,United States,Large,100K–150K
2020,Executive-level,Full-time,Data Engineer,79833,Spain,Hybrid,Spain,Large,50K–100K
2021,Entry-level,Full-time,Machine Learning Scientist,225000,United States,Remote,United States,Large,200K+
2021,Entry-level,Full-time,Data Science Consultant,76833,Germany,Remote,Germany,Small,50K–100K
2020,Mid-level,Full-time,Machine Learning Infrastructure Engineer,50180,Portugal,On-site,Portugal,Medium,50K–100K
2021,Senior-level,Full-time,Marketing Data Analyst,88654,Greece,Remote,Denmark,Large,50K–100K
2021,Senior-level,Full-time,Lead Data Engineer,103160,United Kingdom,Remote,United Kingdom,Small,100K–150K
2021,Senior-level,Full-time,Data Engineer,113476,United Kingdom,Remote,United Kingdom,Medium,100K–150K
2021,Senior-level,Full-time,Machine Learning Engineer,94564,Germany,Hybrid,Germany,Large,50K–100K
2021,Entry-level,Full-time,Data Engineer,30428,India,Remote,India,Large,25K-50K
2021,Senior-level,Full-time,Data Engineer,150000,United States,Remote,United States,Medium,100K–150K
2021,Senior-level,Full-time,Data Engineer,115000,United States,Remote,United States,Small,100K–150K
2021,Mid-level,Full-time,Research Scientist,187442,Canada,Remote,Canada,Large,150K–200K
2021,Mid-level,Full-time,Data Analyst,51519,United Kingdom,Hybrid,United Kingdom,Large,50K–100K
2020,Mid-level,Full-time,Data Engineer,106000,United States,Remote,United States,Large,100K–150K
2020,Mid-level,Full-time,Data Engineer,112872,United Kingdom,Hybrid,United Kingdom,Large,100K–150K
2021,Mid-level,Full-time,BI Data Analyst,36259,Hungary,Hybrid,United States,Large,25K-50K
2021,Senior-level,Full-time,Data Engineer,150000,United States,Remote,United States,Large,100K–150K
2020,Entry-level,Part-time,ML Engineer,15966,Germany,Remote,Germany,Small,<25K
2021,Mid-level,Full-time,Computer Vision Software Engineer,95746,Germany,Remote,United States,Small,50K–100K
2021,Entry-level,Full-time,Computer Vision Software Engineer,70000,United States,Remote,United States,Medium,50K–100K
2020,Mid-level,Full-time,Data Scientist,76958,United Kingdom,Remote,United Kingdom,Small,50K–100K
2021,Mid-level,Full-time,Cloud Data Engineer,89294,Singapore,Hybrid,Singapore,Large,50K–100K
2021,Entry-level,Full-time,Data Scientist,29751,India,Hybrid,India,Large,25K-50K
2021,Senior-level,Full-time,Lead Data Engineer,276000,United States,On-site,United States,Large,200K+
2020,Senior-level,Full-time,Data Engineer,188000,United States,Remote,United States,Large,150K–200K
2021,Senior-level,Full-time,Cloud Data Engineer,160000,Brazil,Remote,United States,Small,150K–200K
2020,Mid-level,Full-time,Data Scientist,105000,United States,Remote,United States,Large,100K–150K
2021,Senior-level,Full-time,Data Engineer,174000,United States,Remote,United States,Large,150K–200K
2021,Mid-level,Full-time,Data Analyst,93000,United States,Remote,United States,Large,50K–100K
2021,Entry-level,Full-time,Data Scientist,28399,India,Remote,India,Medium,25K-50K
2021,Senior-level,Full-time,Research Scientist,60757,Portugal,Hybrid,Portugal,Large,50K–100K
2021,Entry-level,Full-time,Data Scientist,90000,United States,Remote,United States,Small,50K–100K
2020,Mid-level,Full-time,Data Engineer,70139,France,Hybrid,France,Large,50K–100K
2020,Entry-level,Full-time,Data Analyst,6072,India,On-site,India,Small,<25K
2020,Senior-level,Full-time,Data Engineer,33511,Mexico,On-site,Mexico,Small,25K-50K
2021,Senior-level,Full-time,Principal Data Analyst,170000,United States,Remote,United States,Medium,150K–200K
2021,Senior-level,Full-time,Data Engineer,96282,United Kingdom,Hybrid,United Kingdom,Large,50K–100K
2021,Mid-level,Full-time,Data Engineer,12103,Turkey,On-site,Turkey,Medium,<25K
2021,Entry-level,Full-time,Data Scientist,36643,France,Hybrid,France,Large,25K-50K
2021,Mid-level,Full-time,Data Engineer,72212,United Kingdom,Hybrid,United Kingdom,Large,50K–100K
2020,Entry-level,Full-time,Data Analyst,91000,United States,Remote,United States,Large,50K–100K
2021,Senior-level,Full-time,Big Data Architect,99703,Canada,Hybrid,Canada,Medium,50K–100K
2021,Senior-level,Full-time,Data Scientist,165000,United States,Remote,United States,Large,150K–200K
2021,Mid-level,Full-time,Data Analyst,80000,United States,Remote,United States,Large,50K–100K
2021,Senior-level,Full-time,Data Scientist,103691,Canada,Remote,Canada,Large,100K–150K
2021,Entry-level,Full-time,Data Engineer,21637,India,Hybrid,India,Medium,<25K
2020,Entry-level,Full-time,Research Scientist,42000,Netherlands,Hybrid,Netherlands,Large,25K-50K
2020,Mid-level,Full-time,Lead Data Scientist,115000,United Arab Emirates,On-site,United Arab Emirates,Large,100K–150K
2021,Mid-level,Full-time,Research Scientist,63810,Canada,Remote,Canada,Medium,50K–100K
2020,Senior-level,Full-time,Machine Learning Scientist,260000,Japan,On-site,Japan,Small,200K+
2021,Mid-level,Full-time,Head of Data Science,110000,United States,On-site,United States,Small,100K–150K
2021,Mid-level,Full-time,Data Architect,180000,United States,Remote,United States,Large,150K–200K
2021,Senior-level,Full-time,Data Analyst,200000,United States,Remote,United States,Large,150K–200K
2020,Senior-level,Full-time,Big Data Engineer,109024,United Kingdom,Hybrid,United Kingdom,Medium,100K–150K
2021,Senior-level,Full-time,Data Engineer,200000,United States,Remote,United States,Large,150K–200K
2021,Senior-level,Full-time,ML Engineer,256000,United States,Remote,United States,Small,200K+
2021,Mid-level,Full-time,Data Engineer,110000,United States,Remote,United States,Large,100K–150K
2020,Mid-level,Full-time,Data Scientist,79833,Germany,On-site,Germany,Large,50K–100K
2021,Entry-level,Full-time,Data Engineer,72500,United States,Remote,United States,Large,50K–100K
2021,Senior-level,Full-time,Machine Learning Engineer,185000,United States,Hybrid,United States,Large,150K–200K
2021,Mid-level,Part-time,Data Engineer,69741,Netherlands,Remote,Netherlands,Large,50K–100K
2021,Entry-level,Full-time,Research Scientist,100000,JE,On-site,China,Large,50K–100K
2021,Mid-level,Full-time,Data Engineer,112000,United States,Remote,United States,Large,100K–150K
2020,Senior-level,Full-time,Machine Learning Engineer,150000,United States,Hybrid,United States,Large,100K–150K
2021,Senior-level,Full-time,Data Scientist,20171,Turkey,Hybrid,Turkey,Large,<25K
2021,Senior-level,Full-time,AI Scientist,55000,Spain,Remote,Spain,Large,50K–100K
2021,Entry-level,Full-time,Data Scientist,58000,United States,Hybrid,United States,Large,50K–100K
2021,Entry-level,Full-time,Data Scientist,100000,United States,Remote,United States,Medium,50K–100K
2021,Senior-level,Full-time,Data Scientist,77684,France,Hybrid,France,Medium,50K–100K
2021,Entry-level,Full-time,Machine Learning Engineer,85000,Netherlands,Remote,Germany,Small,50K–100K
2021,Entry-level,Full-time,Data Science Consultant,76833,Germany,On-site,Germany,Large,50K–100K
2021,Senior-level,Contract,Staff Data Scientist,105000,United States,Remote,United States,Medium,100K–150K
2020,Entry-level,Full-time,Data Analyst,72000,United States,Remote,United States,Large,50K–100K
2021,Entry-level,Full-time,Data Engineer,65013,Germany,Hybrid,Germany,Medium,50K–100K
2021,Mid-level,Full-time,Data Engineer,28016,Turkey,Remote,Turkey,Medium,25K-50K
2021,Mid-level,Full-time,Data Engineer,111775,United States,On-site,United States,Medium,100K–150K
2021,Mid-level,Full-time,Data Engineer,93150,United States,On-site,United States,Medium,50K–100K
2021,Senior-level,Full-time,Lead Data Engineer,160000,Puerto Rico,Hybrid,United States,Small,150K–200K
2021,Mid-level,Full-time,Data Scientist,25532,RS,Remote,Germany,Small,25K-50K
2021,Senior-level,Full-time,Machine Learning Engineer,66265,India,On-site,India,Large,50K–100K
2021,Mid-level,Full-time,Data Scientist,16904,India,Remote,India,Small,<25K
2021,Senior-level,Full-time,Data Analyst,63831,Germany,Hybrid,Germany,Large,50K–100K
2020,Senior-level,Full-time,Lead Data Scientist,190000,United States,Remote,United States,Small,150K–200K
2021,Executive-level,Full-time,Director of Data Science,141846,Germany,On-site,Germany,Large,100K–150K
2021,Entry-level,Full-time,Big Data Engineer,16228,India,Remote,India,Large,<25K
2021,Senior-level,Full-time,Data Analyst,71786,Canada,Remote,Canada,Medium,50K–100K
2020,Mid-level,Full-time,Data Scientist,35735,Hungary,Hybrid,Hungary,Large,25K-50K
2021,Senior-level,Full-time,Data Scientist,135000,United States,On-site,United States,Large,100K–150K
2021,Entry-level,Full-time,Machine Learning Engineer,24823,Germany,Hybrid,Germany,Medium,<25K
2021,Senior-level,Full-time,Data Science Manager,54094,India,Hybrid,United States,Large,50K–100K
2021,Senior-level,Full-time,Machine Learning Engineer,24342,India,Remote,India,Large,<25K
2021,Entry-level,Full-time,BI Data Analyst,9272,Kenya,Remote,Kenya,Small,<25K
2021,Mid-level,Full-time,Data Scientist,147000,United States,Hybrid,United States,Large,100K–150K
2021,Senior-level,Full-time,Research Scientist,96113,Canada,Hybrid,Canada,Large,50K–100K
2021,Senior-level,Full-time,Data Science Manager,174000,United States,Remote,United States,Large,150K–200K
2020,Mid-level,Full-time,Business Data Analyst,135000,United States,Remote,United States,Large,100K–150K
2021,Entry-level,Full-time,Machine Learning Engineer,21844,Colombia,Hybrid,Colombia,Medium,<25K
2020,Senior-level,Full-time,Lead Data Engineer,125000,New Zealand,Hybrid,New Zealand,Small,100K–150K
2020,Entry-level,Full-time,Data Scientist,51321,France,On-site,France,Small,50K–100K
2020,Mid-level,Full-time,Data Scientist,40481,India,On-site,India,Large,25K-50K
2021,Executive-level,Full-time,Data Science Consultant,69741,France,Remote,Spain,Small,50K–100K
2021,Senior-level,Full-time,Data Analytics Engineer,50000,Vietnam,Remote,United Kingdom,Medium,25K-50K
2020,Entry-level,Full-time,Data Scientist,39916,France,On-site,France,Medium,25K-50K
2020,Mid-level,Full-time,Lead Data Analyst,87000,United States,Remote,United States,Large,50K–100K
2021,Mid-level,Full-time,Data Engineer,26005,Romania,On-site,United States,Large,25K-50K
2021,Mid-level,Full-time,Data Scientist,90734,Germany,Hybrid,Germany,Large,50K–100K
2021,Mid-level,Full-time,Big Data Engineer,22611,India,On-site,India,Large,<25K
2021,Mid-level,Full-time,Data Scientist,5679,India,Remote,United States,Small,<25K
2021,Entry-level,Full-time,Machine Learning Engineer,81000,United States,Hybrid,United States,Small,50K–100K
2021,Mid-level,Full-time,Data Scientist,40038,Chile,Remote,Chile,Large,25K-50K
2021,Entry-level,Full-time,Data Science Consultant,90000,United States,Remote,United States,Small,50K–100K
2021,Mid-level,Full-time,Data Scientist,61467,Germany,Hybrid,Austria,Medium,50K–100K
2021,Senior-level,Full-time,Machine Learning Infrastructure Engineer,195000,United States,Remote,United States,Medium,150K–200K
2021,Mid-level,Full-time,Data Scientist,37825,Spain,Remote,Spain,Large,25K-50K
2020,Mid-level,Full-time,Data Analyst,85000,United States,Remote,United States,Large,50K–100K
2021,Executive-level,Contract,Principal Data Scientist,416000,United States,Remote,United States,Small,200K+
2021,Senior-level,Full-time,Machine Learning Scientist,225000,United States,Remote,Canada,Large,200K+
2021,Mid-level,Full-time,Data Scientist,56256,United Kingdom,Hybrid,United Kingdom,Large,50K–100K
2021,Mid-level,Full-time,Data Scientist,33808,India,On-site,India,Medium,25K-50K
2021,Mid-level,Full-time,Data Scientist,116914,United Kingdom,Hybrid,United Kingdom,Large,100K–150K
2021,Mid-level,Full-time,Machine Learning Engineer,46597,Poland,Remote,Poland,Large,25K-50K
2020,Mid-level,Full-time,Data Analyst,8000,Pakistan,Hybrid,Pakistan,Large,<25K
2020,Entry-level,Full-time,Data Engineer,41689,Japan,Remote,Japan,Small,25K-50K
2020,Senior-level,Full-time,Big Data Engineer,114047,Poland,Remote,United Kingdom,Small,100K–150K
2021,Mid-level,Full-time,Machine Learning Engineer,88654,Belgium,Remote,Belgium,Medium,50K–100K
2020,Entry-level,Full-time,Data Science Consultant,5707,India,Hybrid,India,Medium,<25K
2020,Mid-level,Full-time,Lead Data Engineer,56000,Portugal,Remote,United States,Medium,50K–100K
2021,Entry-level,Part-time,Computer Vision Engineer,28609,Denmark,Hybrid,Denmark,Small,25K-50K
2021,Mid-level,Full-time,Data Scientist,88654,Germany,Hybrid,Germany,Large,50K–100K
2020,Mid-level,Full-time,Product Data Analyst,6072,India,Remote,India,Large,<25K
2020,Senior-level,Full-time,Data Engineer,47899,Greece,Hybrid,Greece,Large,25K-50K
2020,Mid-level,Full-time,BI Data Analyst,98000,United States,On-site,United States,Medium,50K–100K
2021,Mid-level,Full-time,Data Engineer,66022,Hong Kong,Hybrid,United Kingdom,Small,50K–100K
2021,Mid-level,Full-time,Research Scientist,56738,France,Hybrid,France,Small,50K–100K
2021,Mid-level,Full-time,Machine Learning Engineer,24823,Slovenia,Hybrid,Slovenia,Large,<25K
2021,Senior-level,Full-time,Data Analytics Manager,120000,United States,On-site,United States,Large,100K–150K
2021,Mid-level,Freelance,Data Engineer,20000,Italy,On-site,United States,Large,<25K
2020,Executive-level,Full-time,Director of Data Science,325000,United States,Remote,United States,Large,200K+
2021,Senior-level,Full-time,Machine Learning Engineer,200000,United States,Remote,United States,Large,150K–200K
2020,Entry-level,Full-time,AI Scientist,45896,Denmark,Hybrid,Denmark,Small,25K-50K
2021,Mid-level,Full-time,Data Scientist,160000,United States,Remote,United States,Large,150K–200K
2021,Senior-level,Full-time,Research Scientist,50000,France,Remote,United States,Small,25K-50K
2021,Mid-level,Full-time,Data Science Engineer,40189,Greece,Remote,Greece,Medium,25K-50K
2021,Mid-level,Full-time,Data Scientist,12901,Brazil,On-site,Brazil,Small,<25K
2021,Senior-level,Full-time,Data Engineer,165000,United States,On-site,United States,Medium,150K–200K
2021,Entry-level,Full-time,Big Data Engineer,5882,India,On-site,Switzerland,Large,<25K
2020,Mid-level,Full-time,Data Scientist,42197,France,Hybrid,France,Small,25K-50K
2021,Senior-level,Full-time,Principal Data Engineer,185000,United States,Remote,United States,Large,150K–200K
2020,Entry-level,Full-time,Data Scientist,62726,Germany,Hybrid,Germany,Small,50K–100K
2020,Entry-level,Part-time,Data Scientist,21669,Italy,Hybrid,Italy,Small,<25K
2020,Mid-level,Full-time,Data Engineer,110000,United States,Remote,United States,Large,100K–150K
2021,Senior-level,Full-time,Data Analytics Manager,140000,United States,Remote,United States,Large,100K–150K
2020,Senior-level,Full-time,Data Scientist,120000,United States,Hybrid,United States,Large,100K–150K
2021,Senior-level,Full-time,Data Scientist,87738,Canada,Remote,Canada,Small,50K–100K
2021,Senior-level,Full-time,Finance Data Analyst,61896,United Kingdom,Hybrid,United Kingdom,Large,50K–100K
2021,Mid-level,Freelance,Machine Learning Scientist,12000,Pakistan,Hybrid,Pakistan,Medium,<25K
2021,Senior-level,Full-time,Data Engineer,76833,Romania,Hybrid,United Kingdom,Small,50K–100K
2021,Mid-level,Full-time,Machine Learning Engineer,74000,Japan,Hybrid,Japan,Small,50K–100K
2021,Senior-level,Full-time,Data Science Manager,152000,United States,Remote,France,Large,150K–200K
2021,Mid-level,Full-time,Big Data Engineer,18000,Moldova,On-site,Moldova,Small,<25K
2020,Senior-level,Freelance,Computer Vision Engineer,60000,Russia,Remote,United States,Small,50K–100K
2021,Mid-level,Full-time,Data Scientist,130000,United States,Hybrid,United States,Large,100K–150K
2021,Senior-level,Full-time,Computer Vision Engineer,18907,Brazil,On-site,Brazil,Medium,<25K
2021,Entry-level,Full-time,Business Data Analyst,59102,Luxembourg,Remote,Luxembourg,Large,50K–100K
2021,Senior-level,Full-time,Principal Data Scientist,173762,Germany,Remote,Germany,Medium,150K–200K
2020,Senior-level,Full-time,Principal Data Scientist,148261,Germany,Remote,Germany,Medium,100K–150K
2020,Mid-level,Full-time,Data Scientist,38776,Spain,Remote,Spain,Medium,25K-50K
2021,Mid-level,Full-time,Data Scientist,46809,Spain,Remote,Spain,Medium,25K-50K
2021,Entry-level,Full-time,AI Scientist,18053,India,Remote,American Samoa,Small,<25K
2020,Senior-level,Full-time,Data Scientist,91237,Austria,On-site,Austria,Small,50K–100K
2020,Mid-level,Full-time,Data Scientist,62726,France,Hybrid,Luxembourg,Small,50K–100K
2021,Mid-level,Full-time,Data Scientist,115000,United States,Hybrid,United States,Large,100K–150K
2021,Senior-level,Full-time,Principal Data Scientist,235000,United States,Remote,United States,Large,200K+
2021,Mid-level,Full-time,Lead Data Analyst,19609,India,Remote,India,Large,<25K
2021,Entry-level,Part-time,AI Scientist,12000,Brazil,Remote,United States,Small,<25K
2021,Mid-level,Full-time,Data Analyst,75000,United States,On-site,United States,Large,50K–100K
2021,Mid-level,Full-time,Data Analyst,62000,United States,On-site,United States,Large,50K–100K
2021,Mid-level,Full-time,Data Scientist,73000,United States,On-site,United States,Large,50K–100K
2021,Mid-level,Full-time,Data Engineer,45391,Netherlands,Remote,Netherlands,Large,25K-50K
2020,Senior-level,Full-time,Data Science Manager,190200,United States,Remote,United States,Medium,150K–200K
2020,Mid-level,Full-time,Data Scientist,118000,United States,Remote,United States,Medium,100K–150K
2020,Mid-level,Full-time,Data Scientist,138350,United States,Remote,United States,Medium,100K–150K
2020,Mid-level,Full-time,Data Engineer,130800,Spain,Remote,United States,Medium,100K–150K
2020,Senior-level,Full-time,Machine Learning Engineer,45618,Croatia,Remote,Croatia,Small,25K-50K
2021,Senior-level,Full-time,Director of Data Science,168000,Japan,On-site,Japan,Small,150K–200K
2021,Mid-level,Full-time,Data Scientist,119059,Singapore,Remote,Israel,Medium,100K–150K
2021,Mid-level,Full-time,Applied Machine Learning Scientist,423000,United States,Hybrid,United States,Large,200K+
2021,Mid-level,Full-time,Data Engineer,28369,Malta,Hybrid,Malta,Large,25K-50K
2021,Senior-level,Full-time,Data Specialist,165000,United States,Remote,United States,Large,150K–200K
2020,Senior-level,Full-time,Data Scientist,412000,United States,Remote,United States,Large,200K+
2021,Mid-level,Full-time,Principal Data Scientist,151000,United States,Remote,United States,Large,150K–200K
2020,Entry-level,Full-time,Data Scientist,105000,United States,Remote,United States,Small,100K–150K
2020,Entry-level,Contract,Business Data Analyst,100000,United States,Remote,United States,Large,50K–100K
2021,Senior-level,Full-time,Data Science Manager,94665,India,Hybrid,India,Large,50K–100K
